adjective,noun,article,adj_article
fat,hen,a,a
castle,puzzle,a,a
red,hexagon,a,a
red,dog,a,a
glazed,window,a,a
horned,viper,a,a
round,body,a,a
coral,reef,a,a
girl,glass,a,a
pipe,cover,a,a
elephant,mommy,a,an
smiley,cake,a,a
yellow,slab,a,a
top,buckle,a,a
green,suit,a,a
green,chain,a,a
purple,scissors,NA,NA
purple,circle,a,a
roast,marshmallow,a,a
cookie,sheet,a,a
street,corner,a,a
bath,tile,a,a
yellow,belt,a,a
green,horse,a,a
bed,breakfast,a,a
woolly,sheep,a,a
bald,head,a,a
brown,stick,a,a
bridge,piece,a,a
giant,fish,a,a
colored,ring,a,a
farm,vehicle,a,a
yellow,zucchini,a,a
strawberry,oatmeal,NA,NA
garlic,powder,NA,NA
wooden,train,a,a
orange,pumpkin,a,an
pumpkin,face,a,a
toy,basket,a,a
outside,room,a,an
earth,worm,a,an
fat,body,a,a
bite,mark,a,a
snow,tire,a,a
red,bag,a,a
bright,light,a,a
football,game,a,a
navy,stripe,a,a
ear,ring,a,an
room,door,a,a
puzzle,piece,a,a
dark,screen,a,a
bear,mask,a,a
blood,test,a,a
orange,necklace,a,an
pee,diaper,a,a
apple,head,a,an
room,suite,a,a
strawberry,sauce,NA,NA
dictionary,publisher,a,a
giant,sandwich,a,a
riding,toy,a,a
purple,truck,a,a
baby,pool,a,a
green,leaf,a,a
back,side,a,a
wet,shoe,a,a
turkey,sty,a,a
fridge,magnet,a,a
yellow,costume,a,a
gas,cooker,a,a
mother,alligator,an,a
oval,triangle,a,an
green,tomato,a,a
red,horse,a,a
light,switch,a,a
dead,ornament,an,a
pigeon,shit,NA,NA
apple,slice,a,an
wet,girl,a,a
candy,machine,a,a
jam,pot,a,a
lighting,hallway,a,a
music,toy,a,a
kitchen,counter,a,a
green,slide,a,a
steam,shovel,a,a
baby,hippo,a,a
carrot,stick,a,a
sleeve,shirt,a,a
goods,shop,a,a
file,drawer,a,a
dirty,daddy,a,a
solid,smack,a,a
balloon,streamer,a,a
foot,length,a,a
dead,skin,NA,NA
sidewalk,chalk,NA,NA
fat,bunny,a,a
apple,tea,NA,NA
dirty,foot,a,a
record,run,a,a
seaside,cart,a,a
round,globe,a,a
purple,onion,an,a
red,cookie,a,a
school,teacher,a,a
dirty,water,NA,NA
curling,brush,a,a
girl,kiss,a,a
brown,dirt,NA,NA
circus,tent,a,a
hot,macaroni,NA,NA
dark,green,NA,NA
cinnamon,stick,a,a
ham,salad,a,a
roast,lamb,a,a
school,girl,a,a
crispy,worm,a,a
gold,weaver,a,a
yellow,hoop,a,a
honey,pie,a,a
pencil,show,a,a
arrow,sign,a,an
track,suit,a,a
train,gate,a,a
red,notebook,a,a
oak,chest,a,an
navy,skirt,a,a
pink,robe,a,a
thick,eyelash,an,a
slide,leg,a,a
cellar,door,a,a
maple,bar,a,a
motorway,bridge,a,a
cardboard,box,a,a
freezing,road,a,a
orange,tea,NA,NA
statue,toy,a,a
crispy,brown,NA,NA
web,shooter,a,a
purple,bed,a,a
wastepaper,basket,a,a
snow,leopard,a,a
back,flip,a,a
purple,cup,a,a
peach,juice,NA,NA
sweet,chocolate,NA,NA
dark,line,a,a
brown,egg,an,a
train,ride,a,a
red,room,a,a
red,coral,NA,NA
dirty,tissue,a,a
orange,glasses,NA,NA
orange,tube,a,an
explorer,suit,a,an
glass,table,a,a
colored,paper,a,a
trash,truck,a,a
fuzzy,slipper,a,a
bottom,tooth,a,a
girl,bed,a,a
tennis,court,a,a
boxing,glove,a,a
hot,mom,a,a
feather,mattress,a,a
jelly,fish,a,a
tonic,water,NA,NA
dirty,bowl,a,a
dolphin,family,a,a
stroller,toy,a,a
green,tail,a,a
silver,bell,a,a
red,flag,a,a
tattoo,heart,a,a
hot,water,NA,NA
baby,penguin,a,a
dress,piece,a,a
smiley,guy,a,a
hot,pepper,a,a
farm,tractor,a,a
curly,tail,a,a
oatmeal,pie,a,an
green,jacket,a,a
back,porch,a,a
thick,canopy,a,a
green,vegetable,a,a
purple,cat,a,a
dead,mommy,a,a
baby,elephant,an,a
bottom,lip,a,a
bird,cage,a,a
thick,clip,a,a
kitty,cat,a,a
office,phone,a,an
bottom,row,a,a
brown,spot,a,a
sun,lotion,NA,NA
yellow,bill,a,a
brown,bear,a,a
garbage,can,a,a
rice,cake,a,a
dancing,bud,a,a
hot,air,NA,NA
wooden,puzzle,a,a
piano,piece,a,a
yellow,hair,NA,NA
bear,mama,a,a
pink,eyeball,an,a
smiley,girl,a,a
quarter,cup,a,a
cum,store,a,a
marine,tank,a,a
teacher,day,a,a
green,edge,an,a
paint,can,a,a
night,gown,a,a
cartoon,ring,a,a
ski,pants,NA,NA
green,beard,a,a
sugar,snack,a,a
soup,kitchen,a,a
queen,crab,a,a
snow,book,a,a
hot,bowl,a,a
turtle,shell,a,a
night,dress,a,a
snow,dog,a,a
dish,cloth,a,a
cylinder,gas,NA,NA
baby,stroller,a,a
cursive,letter,a,a
yellow,dragon,a,a
grape,fruit,a,a
red,sweet,a,a
green,scooter,a,a
yellow,duckling,a,a
orange,sticker,a,an
dirty,crayon,a,a
stone,cup,a,a
gold,ticket,a,a
girl,hood,a,a
giant,shadow,a,a
concrete,driveway,a,a
purple,dinosaur,a,a
cereal,box,a,a
moon,game,a,a
girl,colors,a,a
burnt,charcoal,NA,NA
train,station,a,a
boy,sock,a,a
wood,window,a,a
green,triceratops,a,a
thick,model,a,a
bottom,stair,a,a
kettle,drum,a,a
baby,bunny,a,a
closet,door,a,a
brown,bread,NA,NA
corn,fan,a,a
pink,noodle,a,a
purple,bunny,a,a
chip,cookie,a,a
green,airplane,an,a
corner,house,a,a
bottom,cupboard,a,a
poison,berry,a,a
plastic,bottle,a,a
pink,bubblegum,NA,NA
yellow,pants,NA,NA
cell,phone,a,a
yellow,overalls,NA,NA
fruit,sherry,NA,NA
cellar,key,a,a
tire,swing,a,a
mommy,squirrel,a,a
round,case,a,a
baby,food,NA,NA
night,armadillo,an,a
orange,box,a,an
back,alley,an,a
paper,cup,a,a
pound,note,a,a
vegetable,salad,a,a
college,lecturer,a,a
yellow,submarine,a,a
bunny,rabbit,a,a
water,board,a,a
ear,infection,an,an
baby,piggy,a,a
pecan,cluster,a,a
yellow,man,a,a
green,jungle,a,a
broken,bag,a,a
nail,polish,NA,NA
dead,fish,a,a
pregnant,person,a,a
thick,wood,NA,NA
sea,green,NA,NA
carrot,peel,a,a
yarn,basket,a,a
walk,path,a,a
purple,star,a,a
eight,piece,a,an
bed,sheet,a,a
pill,box,a,a
blackberry,patch,a,a
fuzzy,teddy,a,a
red,color,a,a
hind,leg,a,a
jungle,gym,a,a
dirty,player,a,a
curtain,window,a,a
cigar,smoke,NA,NA
baby,boy,a,a
orange,sweater,a,an
fudge,sundae,a,a
knitting,basket,a,a
water,melon,a,a
garlic,bread,NA,NA
pole,light,a,a
brown,syrup,NA,NA
crispy,patty,a,a
crescent,moon,a,a
gun,guard,a,a
bingo,game,a,a
marble,arch,an,a
toy,train,a,a
dead,puppy,a,a
red,clay,NA,NA
silky,blanket,a,a
door,valve,a,a
plant,root,a,a
mommy,fish,a,a
pirate,flag,a,a
broken,balloon,a,a
bright,orange,an,a
red,scissors,NA,NA
egg,soup,NA,NA
fish,aquarium,an,a
clothes,basket,a,a
garden,tool,a,a
sleep,walk,a,a
blood,cell,a,a
baby,ostrich,an,a
dinner,table,a,a
purple,noodle,a,a
cast,iron,an,a
cry,baby,a,a
baby,sheep,a,a
green,room,a,a
grey,boot,a,a
pink,yogurt,NA,NA
pirate,movie,a,a
pink,shoe,a,a
wooden,hammer,a,a
pet,toy,a,a
frozen,bean,a,a
fat,elephant,an,a
dogs,biscuit,a,a
hot,coffee,NA,NA
purple,lipstick,NA,NA
stew,pot,a,a
brown,table,a,a
jellyfish,family,a,a
sleeping,bag,a,a
hot,piggy,a,a
multicolored,sign,a,a
dog,poop,NA,NA
farm,movie,a,a
green,hat,a,a
green,flag,a,a
navy,coat,a,a
microwave,lid,a,a
flat,roof,a,a
green,park,a,a
red,stair,a,a
path,hedge,a,a
plastic,track,a,a
dirty,banana,a,a
alphabet,block,a,an
baby,parrot,a,a
train,car,a,a
purple,snail,a,a
green,zebra,a,a
horse,manure,NA,NA
yellow,cake,a,a
music,book,a,a
carrot,cake,a,a
rolling,pin,a,a
yellow,top,a,a
giant,frog,a,a
wooden,stick,a,a
dark,flower,a,a
home,county,a,a
green,book,a,a
dirty,cave,a,a
pink,skirt,a,a
fat,mama,a,a
green,dog,a,a
cookie,bake,a,a
alphabet,puzzle,a,an
garden,shed,a,a
night,crawler,a,a
orange,pop,a,an
pop,corn,a,a
ox,tail,a,an
pound,hammer,a,a
heart,attack,an,a
brown,shoe,a,a
jaw,bone,a,a
red,lobster,a,a
cracker,box,a,a
green,thumb,a,a
wig,hair,NA,NA
caramel,sauce,NA,NA
curly,head,a,a
wet,grandpa,a,a
slope,test,a,a
baby,panda,a,a
gas,fire,NA,NA
boy,tooth,a,a
yellow,handle,a,a
marble,roll,a,a
twin,deck,a,a
potty,sticker,a,a
orange,plant,a,an
coffee,machine,a,a
jelly,container,a,a
round,pumpkin,a,a
body,puppet,a,a
daddy,waffle,a,a
giant,dump,a,a
lobster,hat,a,a
outside,world,a,an
yellow,chicken,a,a
bean,ball,a,a
red,ice,NA,NA
farm,shop,a,a
garlic,salt,NA,NA
pink,honey,NA,NA
weenie,firefly,a,a
fat,tummy,a,a
cloud,smoke,NA,NA
car,boot,a,a
phone,line,a,a
art,advisor,an,an
top,molar,a,a
wrapping,paper,a,a
road,sign,a,a
hand,drive,a,a
bloody,nose,a,a
baby,bottle,a,a
yellow,lip,a,a
pink,shorts,NA,NA
fire,alarm,an,a
north,pole,a,a
dog,mama,a,a
wiggle,dancing,NA,NA
examination,board,a,an
bull,ant,an,a
brown,cap,a,a
kid,ride,a,a
yellow,ball,a,a
man,book,a,a
door,bell,a,a
dart,board,a,a
puppet,baby,a,a
dinner,break,a,a
granite,horse,a,a
chest,plate,a,a
record,case,a,a
whale,hat,a,a
mommy,daddy,a,a
dinosaur,skull,a,a
tree,farm,a,a
orange,kitty,a,an
clown,nose,a,a
potty,break,a,a
bread,basket,a,a
giraffe,leg,a,a
fat,squirrel,a,a
fish,guts,NA,NA
bubble,soap,NA,NA
fuzzy,creature,a,a
basket,ball,a,a
red,wagon,a,a
matchbox,car,a,a
jungle,ride,a,a
quiz,game,a,a
colored,green,NA,NA
gold,ring,a,a
paint,drip,a,a
wet,slab,a,a
green,blanket,a,a
oil,filter,a,an
tan,car,a,a
green,grasshopper,a,a
bowling,ball,a,a
hot,tap,a,a
onion,ring,a,an
petrol,account,an,a
thistle,patch,a,a
dirty,mommy,a,a
bright,picture,a,a
picture,book,a,a
step,stool,a,a
tree,branch,a,a
apple,cookie,a,an
bar,staff,NA,NA
rock,crowd,a,a
dirty,bottom,a,a
bug,lift,a,a
onion,gravy,NA,NA
skirt,stain,a,a
green,grape,a,a
night,sky,a,a
solid,feed,NA,NA
sky,diving,NA,NA
pirate,hat,a,a
giant,pillow,a,a
green,side,a,a
green,shirt,a,a
pink,mirror,a,a
red,ear,an,a
blowing,bubble,a,a
grey,coat,a,a
giant,octopus,an,a
dwarf,tree,a,a
slippery,balloon,a,a
baby,pumpkin,a,a
jelly,sandwich,a,a
octopus,video,a,an
hill,track,a,a
fuzzy,pants,NA,NA
spider,web,a,a
pony,ride,a,a
card,table,a,a
giant,bean,a,a
song,book,a,a
art,school,a,an
head,office,an,a
tire,mold,a,a
bear,sleeping,NA,NA
ice,cube,a,an
dead,fly,a,a
dog,sticker,a,a
food,coloring,NA,NA
apple,farm,a,an
bedroom,bathroom,a,a
sweet,drink,a,a
hot,egg,an,a
beach,token,a,a
brown,basket,a,a
candy,corn,a,a
library,book,a,a
train,track,a,a
orange,wall,a,an
nylon,shirt,a,a
purple,pepperoni,NA,NA
muscle,tissue,a,a
outside,line,a,an
blind,mouse,a,a
coral,piece,a,a
key,board,a,a
water,filter,a,a
root,beer,a,a
turkey,chip,a,a
grocery,store,a,a
back,seat,a,a
lemon,skin,NA,NA
fly,ball,a,a
purple,baby,a,a
plastic,piece,a,a
elephant,parade,a,an
purple,collar,a,a
brown,shirt,a,a
outside,lane,a,an
elephant,ear,an,an
paper,plate,a,a
solar,shop,a,a
coat,hanger,a,a
comb,brooch,a,a
lighter,purple,NA,NA
metal,plate,a,a
country,mansion,a,a
dolly,house,a,a
elephant,fly,a,an
green,bird,a,a
red,squirrel,a,a
candy,cane,a,a
fat,man,a,a
sewing,machine,a,a
tobacco,tin,a,a
fuzzy,hair,NA,NA
green,man,a,a
green,ear,an,a
ground,floor,a,a
red,dress,a,a
stair,carpet,a,a
chicken,wing,a,a
dancing,shoe,a,a
yellow,helicopter,a,a
wet,ball,a,a
pink,oval,an,a
mommy,lion,a,a
green,guy,a,a
bank,note,a,a
mulberry,tree,a,a
orange,corner,a,an
dog,person,a,a
furry,tail,a,a
dead,one,a,a
red,crayon,a,a
bright,shirt,a,a
dark,eye,an,a
fish,puzzle,a,a
hot,shit,NA,NA
green,crayon,a,a
circus,train,a,a
loaf,pan,a,a
brown,hill,a,a
blond,boy,a,a
stone,letter,a,a
dirty,basement,a,a
burnt,cookie,a,a
star,sticker,a,a
bedroom,house,a,a
cloth,mum,a,a
pea,pod,a,a
cargo,car,a,a
clothes,furnishing,NA,NA
dish,washer,a,a
cut,apple,an,a
tape,measure,a,a
red,bin,a,a
yellow,skull,a,a
thick,piece,a,a
potato,pie,a,a
explorer,guy,a,an
red,coat,a,a
plastic,toy,a,a
quarry,tile,a,a
puppet,stage,a,a
thick,mud,NA,NA
table,cloth,a,a
baby,blanket,a,a
square,face,a,a
fruit,machine,a,a
smooch,dance,a,a
outside,house,a,an
hair,cap,a,a
purple,dog,a,a
tooth,fairy,a,a
wet,pants,NA,NA
flat,side,a,a
green,lawn,a,a
salty,egg,an,a
peach,material,a,a
thick,loaf,a,a
fat,lady,a,a
letter,puzzle,a,a
chocolate,chip,a,a
pink,tongue,a,a
red,nose,a,a
green,ball,a,a
hot,tub,a,a
gingerbread,recipe,a,a
drawing,table,a,a
red,marker,a,a
gas,pipe,a,a
giant,present,a,a
dark,forest,a,a
purple,block,a,a
orange,suit,a,an
yellow,guitar,a,a
shoe,room,a,a
grey,suite,a,a
chocolate,eclair,an,a
stamp,pad,a,a
bagel,dog,a,a
tree,frog,a,a
sugar,bowl,a,a
moist,soil,NA,NA
kitchen,floor,a,a
jelly,doughnut,a,a
hot,bath,a,a
pink,square,a,a
hot,fry,a,a
color,sand,NA,NA
rock,music,NA,NA
flower,stem,a,a
yellow,ring,a,a
north,king,a,a
baby,room,a,a
pirate,sword,a,a
pencil,sharpener,a,a
oval,face,a,an
door,grill,a,a
navy,shorts,NA,NA
children,adult,an,a
building,downtown,a,a
town,dump,a,a
yellow,barrel,a,a
stall,light,a,a
elephant,ride,a,an
pink,rake,a,a
sheet,side,a,a
breast,lump,a,a
red,house,a,a
bottom,piece,a,a
tooth,paste,a,a
carpet,shampoo,NA,NA
grease,mark,a,a
orange,frosting,NA,NA
camera,eye,an,a
hot,lava,NA,NA
butterfly,catcher,a,a
metal,bath,a,a
rubber,band,a,a
leaf,cake,a,a
green,bug,a,a
green,airship,an,a
green,ring,a,a
wooden,board,a,a
lacing,piece,a,a
rabbit,hole,a,a
broken,ride,a,a
purple,raindrop,a,a
hot,tray,a,a
letter,block,a,a
plastic,ball,a,a
fly,swatter,a,a
toy,lizard,a,a
daddy,crown,a,a
green,marble,a,a
wet,kiss,a,a
lunch,box,a,a
sweet,tooth,a,a
bottom,bunk,a,a
dinosaur,foot,a,a
elephant,trunk,a,an
pink,kitty,a,a
apple,butter,NA,NA
green,flower,a,a
bed,room,a,a
building,block,a,a
ball,tent,a,a
daddy,hand,a,a
street,lighting,NA,NA
yellow,stripe,a,a
pink,chair,a,a
grocery,cart,a,a
gingerbread,man,a,a
food,container,a,a
flower,pants,NA,NA
wheat,flour,NA,NA
brown,penny,a,a
purple,animal,an,a
flower,tree,a,a
lemon,juice,NA,NA
yellow,room,a,a
daddy,hippo,a,a
road,license,a,a
juice,drop,a,a
washing,line,a,a
purple,present,a,a
girl,mommy,a,a
hair,dryer,a,a
mommy,goat,a,a
sweet,tasting,a,a
red,controller,a,a
juicy,pear,a,a
brown,cow,a,a
garden,chair,a,a
broken,toenail,a,a
saucepan,spoon,a,a
animal,fat,NA,NA
page,moderator,a,a
icecream,maker,a,an
snow,seal,a,a
paper,model,a,a
king,man,a,a
monkey,bar,a,a
curly,string,a,a
bubble,wand,a,a
pink,color,a,a
purple,diamond,a,a
tightrope,walker,a,a
attic,room,a,an
red,flower,a,a
thick,hair,NA,NA
burnt,toast,NA,NA
red,heart,a,a
color,marker,a,a
screen,door,a,a
baby,piglet,a,a
popsicle,stick,a,a
pet,store,a,a
hotel,breakfast,a,a
light,saber,a,a
world,sea,a,a
violet,light,a,a
ice,hockey,NA,NA
brass,wire,a,a
purple,bag,a,a
purple,sock,a,a
country,air,NA,NA
meatball,dinner,a,a
back,door,a,a
mommy,shoe,a,a
round,pond,a,a
fax,machine,a,a
wax,paper,a,a
daddy,bug,a,a
sweat,pants,NA,NA
plastic,cupboard,a,a
drawing,board,a,a
red,cup,a,a
baby,toy,a,a
air,plane,a,an
dragon,boy,a,a
picnic,food,NA,NA
green,worktop,a,a
tom,cat,a,a
barn,door,a,a
dirty,clothes,NA,NA
sea,food,NA,NA
pile,driver,a,a
dirty,basket,a,a
plastic,train,a,a
square,net,a,a
fax,phone,a,a
music,instrument,an,a
timber,fencing,NA,NA
green,color,a,a
apple,snack,a,an
chocolate,raisin,a,a
goldfish,soup,NA,NA
flaming,shake,a,a
cherry,popsicle,a,a
top,corner,a,a
crocodile,dinner,a,a
sweet,violet,a,a
toilet,handle,a,a
karate,kick,a,a
red,panda,a,a
bunny,sleeping,NA,NA
baby,exercise,an,a
purple,trunk,a,a
brown,circle,a,a
petrol,station,a,a
sweet,hay,NA,NA
fish,pond,a,a
pop,guns,a,a
caravan,season,a,a
kids,dance,a,a
holly,wreath,a,a
thistle,spud,a,a
student,bar,a,a
hot,oven,an,a
clothes,line,a,a
pumpkin,bear,a,a
garden,toolbox,a,a
green,line,a,a
back,ride,a,a
cut,tree,a,a
chicken,nugget,a,a
dirty,dish,a,a
oval,ball,a,an
roof,ventilation,NA,NA
cod,oil,NA,NA
bat,file,a,a
wooden,door,a,a
flat,timber,NA,NA
plaid,coat,a,a
pop,star,a,a
lilac,jade,NA,NA
world,cup,a,a
smoke,machine,a,a
purple,dolphin,a,a
hot,pickle,a,a
pink,star,a,a
radio,repair,a,a
purple,pillow,a,a
basketball,hoop,a,a
swimming,teacher,a,a
round,field,a,a
taxi,driver,a,a
yellow,squash,a,a
blind,corner,a,a
pink,spider,a,a
red,worm,a,a
baby,game,a,a
chief,advisor,an,a
round,table,a,a
star,command,a,a
giant,worm,a,a
dirty,panty,a,a
chip,pan,a,a
skittle,gum,a,a
singing,dog,a,a
dirty,slide,a,a
honey,bunny,a,a
gift,shop,a,a
house,pig,a,a
coral,bed,a,a
puddle,boot,a,a
green,bowl,a,a
wash,basin,a,a
tar,pit,a,a
orange,cake,a,an
red,meat,NA,NA
bronze,sword,a,a
yellow,egg,an,a
circus,car,a,a
wet,rain,NA,NA
bedroom,bungalow,a,a
pirate,girl,a,a
wrist,watch,a,a
guy,scream,a,a
snow,clothes,NA,NA
bottom,edge,an,a
pirate,show,a,a
purple,card,a,a
toy,car,a,a
pink,phone,a,a
square,knot,a,a
worker,man,a,a
dragon,attack,an,a
apple,sauce,NA,NA
cataract,operation,an,a
plastic,bowl,a,a
panda,bear,a,a
green,dinosaur,a,a
dinner,bowl,a,a
leather,coat,a,a
entrance,hall,a,an
fruit,juice,NA,NA
ocean,floor,a,an
hot,muffin,a,a
dark,cloud,a,a
vitamin,drop,a,a
body,shop,a,a
pig,boil,a,a
garage,door,a,a
paddle,game,a,a
hot,spice,a,a
heart,plate,a,a
brake,light,a,a
purple,spider,a,a
giant,meteor,a,a
yellow,puppy,a,a
library,picture,a,a
sister,elephant,an,a
motor,caravan,a,a
dark,ceiling,a,a
red,basket,a,a
purple,hat,a,a
lip,stick,a,a
green,card,a,a
bus,ride,a,a
bug,bite,a,a
dog,dish,a,a
hot,body,a,a
baby,sweater,a,a
triceratops,sand,NA,NA
fare,crossing,a,a
coral,snake,a,a
fat,piece,a,a
green,cat,a,a
stone,wall,a,a
furry,caterpillar,a,a
phone,bill,a,a
red,light,a,a
money,tree,a,a
red,balloon,a,a
sunny,day,a,a
wall,tiling,NA,NA
wet,hair,NA,NA
cock,eye,an,a
foot,lounge,a,a
wedding,dress,a,a
nap,video,a,a
red,knight,a,a
book,paperback,a,a
bedroom,window,a,a
hillbilly,baby,a,a
quarter,past,a,a
red,tie,a,a
skunk,burger,a,a
blueberry,pie,a,a
chalk,board,a,a
baby,lion,a,a
yellow,snow,NA,NA
carp,family,a,a
herb,garden,a,an
alcove,bedroom,a,an
swimming,suit,a,a
fruit,tree,a,a
note,card,a,a
yellow,screw,a,a
hash,brown,NA,NA
sugar,plum,a,a
potato,skin,NA,NA
chamber,pot,a,a
orange,beak,a,an
fairy,lady,a,a
rice,milk,NA,NA
grape,juice,NA,NA
round,edge,an,a
water,fountain,a,a
office,chair,a,an
foot,pool,a,a
yellow,tube,a,a
yellow,knight,a,a
day,pastor,a,a
whale,squirt,a,a
pink,paint,NA,NA
cookie,sandwich,a,a
giant,truck,a,a
flower,bed,a,a
yellow,wheel,a,a
dark,side,a,a
gold,balloon,a,a
lemon,soda,NA,NA
purple,stage,a,a
cream,cake,a,a
puppy,food,NA,NA
baby,heart,a,a
smiley,ball,a,a
gold,guy,a,a
varnish,stripper,a,a
purple,square,a,a
red,phone,a,a
brown,pumpkin,a,a
flower,petal,a,a
instrument,panel,a,an
giant,saucer,a,a
face,painting,a,a
curve,piece,a,a
raisin,bun,a,a
milk,bar,a,a
pink,diamond,a,a
back,window,a,a
apple,green,NA,NA
outside,edge,an,an
string,puppet,a,a
green,tower,a,a
rolling,ball,a,a
rain,storm,a,a
green,popsicle,a,a
hot,pants,NA,NA
light,lunch,a,a
light,ball,a,a
hammer,fork,a,a
farm,game,a,a
caterpillar,walking,NA,NA
wet,day,a,a
red,roof,a,a
pink,collar,a,a
top,coat,a,a
bear,walking,NA,NA
flower,box,a,a
kid,cartoon,a,a
yellow,paper,a,a
skating,girl,a,a
dead,brother,a,a
lady,song,a,a
pink,ear,an,a
cookie,dough,NA,NA
light,green,NA,NA
edge,piece,a,an
computer,scientist,a,a
orange,star,a,an
farmer,lady,a,a
troll,bridge,a,a
fire,truck,a,a
slate,mine,a,a
brown,barn,a,a
gold,game,a,a
police,car,a,a
tan,lotion,NA,NA
rectangle,diamond,a,a
baby,basket,a,a
broken,piece,a,a
thick,person,a,a
fish,book,a,a
purple,lollipop,a,a
hot,pot,a,a
hall,servant,a,a
crispy,piece,a,a
dictionary,writer,a,a
thick,sandwich,a,a
square,block,a,a
puppy,dog,a,a
farmer,truck,a,a
yellow,baby,a,a
hot,plastic,NA,NA
hot,mommy,a,a
mud,puddle,a,a
arcade,music,NA,NA
green,field,a,a
cocktail,side,a,a
telephone,box,a,a
quarter,inch,an,a
coffee,cake,a,a
picnic,meal,a,a
ice,tea,NA,NA
baby,spoon,a,a
yellow,page,a,a
crystal,cave,a,a
light,wood,NA,NA
green,finger,a,a
block,building,a,a
baby,doll,a,a
elephant,trumpeting,NA,NA
yellow,rain,NA,NA
yard,clipping,a,a
back,garden,a,a
green,path,a,a
red,cutter,a,a
snow,ninja,a,a
nose,guy,a,a
airplane,ride,a,an
fish,jump,a,a
green,overalls,NA,NA
stump,grinder,a,a
singing,mama,a,a
pink,clothes,NA,NA
dirty,hand,a,a
drum,stick,a,a
bear,cave,a,a
green,pants,NA,NA
hot,bun,a,a
pink,satin,NA,NA
daddy,ear,an,a
varnish,paint,NA,NA
silver,car,a,a
giant,puzzle,a,a
red,pot,a,a
guy,wizard,a,a
red,door,a,a
picture,frame,a,a
infant,teacher,a,an
lizard,mom,a,a
lion,dung,NA,NA
orange,nose,a,an
puzzle,pile,a,a
hot,fire,NA,NA
iron,sword,a,an
gold,map,a,a
grandfather,clock,a,a
whisky,drop,a,a
paint,brush,a,a
solid,rain,NA,NA
human,body,a,a
dead,plant,a,a
tea,cup,a,a
dirty,blanket,a,a
chip,machine,a,a
leopard,seal,a,a
baby,leaf,a,a
yellow,circle,a,a
food,chain,a,a
fire,exit,an,a
mutant,peacock,a,a
red,drum,a,a
yellow,parrot,a,a
dirty,plate,a,a
round,track,a,a
slippery,sock,a,a
baby,dog,a,a
paw,print,a,a
red,towel,a,a
guy,robot,a,a
red,stripe,a,a
dirty,pants,NA,NA
red,track,a,a
meteor,crater,a,a
carpet,shop,a,a
green,candy,NA,NA
thorn,bush,a,a
hand,bag,a,a
yellow,line,a,a
green,frosting,NA,NA
square,pan,a,a
pointy,tree,a,a
purple,necklace,a,a
cotton,candy,NA,NA
top,hat,a,a
potato,plant,a,a
color,popsicle,a,a
red,hole,a,a
wall,clock,a,a
tea,pot,a,a
frog,toy,a,a
blooming,herb,a,a
bottom,shelf,a,a
cup,cake,a,a
pink,brush,a,a
purple,boot,a,a
fruit,snack,a,a
brown,coffee,NA,NA
yellow,sleeve,a,a
umbrella,handle,a,an
purple,tower,a,a
hot,cocoa,NA,NA
animal,cracker,a,an
broken,bridge,a,a
kid,scissors,NA,NA
dog,book,a,a
furnishings,gift,a,a
man,face,a,a
light,horse,a,a
phone,ring,a,a
red,top,a,a
kids,block,a,a
giant,mess,a,a
rolling,robot,a,a
elephant,eye,an,an
lounge,window,a,a
green,strawberry,a,a
oven,door,a,an
dirty,girl,a,a
camera,man,a,a
maple,syrup,NA,NA
pink,dinosaur,a,a
traffic,jam,NA,NA
mail,card,a,a
rope,ladder,a,a
broken,cracker,a,a
wooden,button,a,a
flat,edge,an,a
kid,toy,a,a
milk,man,a,a
dancing,troop,a,a
sinus,infection,an,a
back,yard,a,a
arm,pit,a,an
guy,talking,NA,NA
day,game,a,a
photo,album,an,a
outside,guy,a,an
spaghetti,meatball,a,a
kitchen,sink,a,a
corner,piece,a,a
purple,octagon,an,a
diving,board,a,a
garden,worm,a,a
bright,star,a,a
patio,door,a,a
brown,eye,an,a
banana,bread,NA,NA
enamel,shell,a,an
furry,tummy,a,a
solar,eclipse,an,a
purple,flower,a,a
drop,curtain,a,a
bull,frog,a,a
purple,purse,a,a
video,camera,a,a
orange,animal,an,an
rag,doll,a,a
yellow,sun,NA,NA
clothes,hamper,a,a
cookie,cutter,a,a
green,bow,a,a
plastic,card,a,a
giant,shoe,a,a
pink,pipe,a,a
orange,skittle,a,an
head,louse,a,a
purple,candy,NA,NA
orange,square,a,an
cooker,gas,NA,NA
locked,closet,a,a
red,ant,an,a
box,office,an,a
orange,frog,a,an
mop,head,a,a
puppy,doggy,a,a
tool,repair,a,a
color,page,a,a
hip,bone,a,a
red,ladybug,a,a
red,wheel,a,a
purple,bat,a,a
cake,shop,a,a
picture,hook,a,a
crusty,roll,a,a
bright,tail,a,a
daddy,gorilla,a,a
ladies,toilet,a,a
gravel,pile,a,a
dog,stand,a,a
clock,piece,a,a
yellow,shirt,a,a
velvety,horse,a,a
purple,cabbage,a,a
dirty,mouth,a,a
top,trainer,a,a
birth,present,a,a
dark,sky,a,a
coffee,milk,NA,NA
baby,bounce,a,a
scar,scar,a,a
battery,drawer,a,a
circus,truck,a,a
room,table,a,a
boa,constrictor,a,a
car,transporter,a,a
bleeding,finger,a,a
human,head,a,a
ball,bounce,a,a
yellow,light,a,a
tree,trunk,a,a
ball,bearing,NA,NA
sweat,gland,a,a
call,line,a,a
bin,liner,a,a
red,brush,a,a
digger,truck,a,a
shovel,honey,NA,NA
cheese,pie,a,a
night,spider,a,a
store,lady,a,a
teddy,bear,a,a
medication,honey,NA,NA
school,book,a,a
goldfish,day,a,a
toy,boy,a,a
pink,girl,a,a
people,town,a,a
worm,soup,NA,NA
pink,worm,a,a
egg,shell,a,an
baby,song,a,a
furry,face,a,a
brown,mountain,a,a
red,coloring,NA,NA
patio,barbecue,a,a
blonde,hair,NA,NA
top,lid,a,a
wooden,reel,a,a
iron,leg,a,an
baby,crayon,a,a
train,line,a,a
birth,day,a,a
doctor,kit,a,a
door,key,a,a
bus,fare,a,a
solid,piece,a,a
fish,soup,NA,NA
princess,bed,a,a
top,edge,an,a
turkey,sandwich,a,a
timer,switch,a,a
red,mouse,a,a
green,garbage,NA,NA
wet,bird,a,a
yellow,pepper,a,a
dalmatian,dog,a,a
red,fence,a,a
daddy,pirate,a,a
brown,clump,a,a
red,airplane,an,a
military,police,NA,NA
red,orange,an,a
bear,hunt,a,a
red,triangle,a,a
gas,station,a,a
pink,flamingo,a,a
yellow,tree,a,a
satellite,dish,a,a
cigar,smoking,NA,NA
dance,music,NA,NA
candy,bar,a,a
egg,box,a,an
sand,box,a,a
pet,cage,a,a
yellow,coral,NA,NA
dark,hair,NA,NA
vegetable,oil,NA,NA
green,picture,a,a
green,baby,a,a
pant,leg,a,a
hedge,cutter,a,a
beef,hash,a,a
plastic,box,a,a
green,nose,a,a
brown,sauce,NA,NA
yellow,coloring,NA,NA
hot,lunch,a,a
fish,stall,a,a
wire,sandwich,a,a
bright,color,a,a
bathroom,window,a,a
hot,ride,a,a
tub,seat,a,a
draw,picture,a,a
water,pipe,a,a
safari,hat,a,a
hot,seat,a,a
top,step,a,a
spider,ring,a,a
bottom,corner,a,a
cotton,ball,a,a
record,button,a,a
doll,baby,a,a
cat,product,a,a
rusty,bucket,a,a
gun,runner,a,a
washing,machine,a,a
naked,butt,a,a
cabbage,leaf,a,a
dirty,sock,a,a
karate,chop,a,a
yard,tent,a,a
goat,boy,a,a
father,duck,a,a
pink,rattle,a,a
witch,hair,NA,NA
crane,station,a,a
toy,store,a,a
dark,ball,a,a
pink,corner,a,a
truck,piece,a,a
red,jumper,a,a
pink,dot,a,a
money,card,a,a
teapot,water,NA,NA
chocolate,cake,a,a
person,game,a,a
sea,urchin,an,a
red,broccoli,NA,NA
bus,ticket,a,a
rock,pool,a,a
red,dragon,a,a
movie,camera,a,a
flat,mouth,a,a
salmon,leaping,a,a
outside,person,a,an
tin,tray,a,a
hand,glove,a,a
scout,group,a,a
guy,beard,a,a
silver,beard,a,a
smoke,stack,a,a
rain,glasses,NA,NA
zucchini,plant,a,a
purple,bud,a,a
cash,till,a,a
pink,dragon,a,a
girl,case,a,a
orange,cutter,a,an
kitchen,door,a,a
pear,skin,NA,NA
dirty,hamper,a,a
orange,sunset,a,an
hot,wood,NA,NA
dirty,penny,a,a
dirty,cup,a,a
apple,oatmeal,NA,NA
olive,green,NA,NA
pear,juice,NA,NA
water,spout,a,a
bacon,crisp,a,a
knife,edge,an,a
green,crunch,a,a
doggy,bone,a,a
yellow,eye,an,a
yellow,apple,an,a
farm,channel,a,a
boy,seat,a,a
machine,chap,a,a
eye,ball,a,an
thick,branch,a,a
sunny,path,a,a
back,step,a,a
brown,tail,a,a
gravel,border,a,a
pink,tights,NA,NA
store,room,a,a
frog,outfit,an,a
yellow,hay,NA,NA
red,strawberry,a,a
dead,turtle,a,a
inch,square,a,an
shell,suit,a,a
honey,doll,a,a
ceiling,rose,a,a
baby,meat,NA,NA
flat,surface,a,a
fat,head,a,a
circus,officer,an,a
sweet,baby,a,a
purple,grape,a,a
pencil,eraser,an,a
tie,back,a,a
massage,table,a,a
orange,leaf,a,an
sand,sheep,a,a
red,side,a,a
red,caboose,a,a
pink,window,a,a
sweet,pea,a,a
orange,angelfish,an,an
cork,tile,a,a
bleeding,head,a,a
brown,fur,NA,NA
mommy,elephant,an,a
daddy,glasses,NA,NA
round,tree,a,a
red,bear,a,a
laundry,basket,a,a
egg,white,NA,NA
peacock,body,a,a
green,plant,a,a
dead,worm,a,a
dog,food,NA,NA
wine,sherry,NA,NA
swimming,guy,a,a
sign,gate,a,a
animal,magazine,a,an
furry,fuzzy,a,a
dinosaur,hunt,a,a
food,shopping,NA,NA
draw,bridge,a,a
bath,door,a,a
triangle,piece,a,a
baby,brother,a,a
purple,boxcar,a,a
broken,arm,an,a
sickle,cell,a,a
snow,boot,a,a
orange,heart,a,an
hot,chicken,a,a
ash,tray,a,an
radio,cassette,a,a
gold,reindeer,a,a
unbuttoned,jacket,a,an
cigar,box,a,a
frozen,water,NA,NA
red,fruit,a,a
yellow,drum,a,a
lighter,hair,NA,NA
mashed,potato,a,a
oat,porridge,NA,NA
festival,company,a,a
flat,piece,a,a
college,downtown,a,a
pony,tail,a,a
giant,thorn,a,a
sunny,spot,a,a
orange,pants,NA,NA
vanilla,chocolate,NA,NA
cheese,pizza,NA,NA
circus,animal,an,a
plastic,circle,a,a
chicken,dance,a,a
chicken,finger,a,a
green,piece,a,a
green,salad,a,a
brown,grey,NA,NA
tea,bag,a,a
top,floor,a,a
dinosaur,movie,a,a
pink,lollypop,a,a
fish,food,NA,NA
night,shirt,a,a
puppy,mom,a,a
purple,sand,NA,NA
yellow,train,a,a
pepperoni,pizza,NA,NA
yellow,leaf,a,a
mommy,deer,a,a
ear,plug,a,an
bird,box,a,a
back,bedroom,a,a
food,pea,a,a
adult,alligator,an,an
broken,foot,a,a
soccer,player,a,a
garbage,feast,a,a
red,cake,a,a
wet,soaking,a,a
bear,boob,a,a
dam,bush,a,a
dead,guy,a,a
face,pumpkin,a,a
primrose,oil,NA,NA
top,bunk,a,a
red,popsicle,a,a
daddy,tape,a,a
land,horse,a,a
dog,collar,a,a
turtle,tank,a,a
yellow,key,a,a
night,light,a,a
book,honey,NA,NA
top,gear,a,a
pink,bird,a,a
alloy,wheel,a,an
brown,leaf,a,a
test,barometer,a,a
baby,book,a,a
plum,pudding,NA,NA
press,record,a,a
green,apple,an,a
workshop,downtown,a,a
boy,voice,a,a
dirty,fox,a,a
property,market,a,a
washing,powder,NA,NA
block,cheese,NA,NA
pink,tube,a,a
train,fare,a,a
dead,obituary,an,a
snow,man,a,a
farmer,overalls,NA,NA
roast,beef,NA,NA
ironing,board,a,an
broken,string,a,a
wine,glasses,NA,NA
birth,date,a,a
bottom,one,a,a
spider,monkey,a,a
farm,puppet,a,a
wash,room,a,a
red,ball,a,a
dust,wagon,a,a
gold,fish,a,a
burnt,finger,a,a
horse,box,a,a
mummy,shout,a,a
velcro,latch,a,a
curb,stone,a,a
batter,box,a,a
trash,call,a,a
brown,patch,a,a
dust,ball,a,a
toy,bus,a,a
ginger,man,a,a
wood,sculpture,a,a
red,bug,a,a
baby,chair,a,a
brick,fireplace,a,a
candy,piece,a,a
turkey,leg,a,a
red,bucket,a,a
pencil,box,a,a
fat,fryer,a,a
band,man,a,a
spray,bottle,a,a
unbuttoned,pants,NA,NA
dirty,mama,a,a
hot,curry,a,a
red,piranha,a,a
bear,family,a,a
daddy,face,a,a
yogurt,pudding,NA,NA
diaper,check,a,a
mud,truck,a,a
fish,shop,a,a
mountain,bike,a,a
exit,sign,a,an
purple,food,NA,NA
baby,cub,a,a
food,restaurant,a,a
bath,tub,a,a
baseball,game,a,a
treasure,chest,a,a
red,bird,a,a
sweet,gift,a,a
yellow,piece,a,a
dirty,piggy,a,a
hot,soup,NA,NA
yellow,flower,a,a
plastic,heron,a,a
dark,bikini,a,a
garbage,collector,a,a
hot,flaming,NA,NA
light,hair,NA,NA
back,corner,a,a
green,stripe,a,a
slippery,ice,NA,NA
fat,boy,a,a
taller,bed,a,a
color,paper,a,a
bubble,container,a,a
tan,wig,a,a
red,gecko,a,a
red,puppy,a,a
brown,ant,an,a
sweet,onion,an,a
baby,worm,a,a
water,swim,a,a
fat,worm,a,a
intercom,beep,a,an
alarm,clock,a,an
color,paint,NA,NA
cotton,shirt,a,a
hot,tot,a,a
cauliflower,pea,a,a
hot,wash,a,a
ostrich,egg,an,an
silver,green,NA,NA
board,tile,a,a
pink,violet,a,a
dirty,nose,a,a
ant,path,a,an
pumpkin,head,a,a
quarter,teaspoon,a,a
bright,paper,a,a
heart,beat,a,a
red,road,a,a
hot,onion,an,a
orange,bead,a,an
shaking,ball,a,a
orange,dinosaur,a,an
daddy,bird,a,a
green,marker,a,a
daddy,rooster,a,a
kitchen,table,a,a
mackerel,fishing,NA,NA
green,pig,a,a
top,tap,a,a
pumpkin,farm,a,a
orange,tummy,a,an
red,button,a,a
yellow,bowl,a,a
bottom,oven,an,a
blowing,wind,NA,NA
tiger,picture,a,a
street,sweeper,a,a
entrance,door,a,an
water,table,a,a
rocket,shot,a,a
beef,sandwich,a,a
detective,show,a,a
pumpkin,pie,a,a
green,moose,a,a
orange,cat,a,an
yellow,tongue,a,a
purple,top,a,a
salmon,salad,a,a
purple,captain,a,a
bright,pink,NA,NA
clown,hair,NA,NA
report,card,a,a
rainy,day,a,a
airline,pilot,a,an
school,boy,a,a
dragon,game,a,a
football,match,a,a
green,wreath,a,a
molasses,swamp,a,a
pink,rose,a,a
home,daddy,a,a
cutting,edge,an,a
purple,eye,an,a
green,kitty,a,a
rail,ticket,a,a
hay,cart,a,a
wooden,platter,a,a
round,spot,a,a
garden,furniture,NA,NA
bar,bell,a,a
worm,belly,a,a
pastel,pink,NA,NA
prawn,sandwich,a,a
cabbage,plant,a,a
clock,tower,a,a
sleeping,policeman,a,a
thick,player,a,a
dog,beach,a,a
fish,cracker,a,a
outside,tap,a,an
bubble,gum,a,a
letter,tile,a,a
purple,spaghetti,NA,NA
farmer,guy,a,a
cut,grass,NA,NA
croquet,stroke,a,a
hay,cookie,a,a
green,ornament,an,a
water,tower,a,a
plant,pot,a,a
fat,roll,a,a
brown,coconut,a,a
purple,shoe,a,a
giant,boy,a,a
green,pepper,a,a
purple,tail,a,a
ogre,lady,a,an
bow,colors,a,a
cross,bun,a,a
red,punch,a,a
pink,heart,a,a
cat,scratching,NA,NA
peppermint,candy,NA,NA
dirty,baby,a,a
brown,mud,NA,NA
food,board,a,a
slot,machine,a,a
yellow,door,a,a
dirty,diaper,a,a
roast,potato,a,a
red,handle,a,a
water,drip,a,a
puppet,show,a,a
yellow,bucket,a,a
yellow,banana,a,a
pink,tutu,a,a
solar,battery,a,a
ice,cream,NA,NA
sugar,dough,NA,NA
barbecue,recipe,a,a
orange,flag,a,an
bunny,sleep,NA,NA
box,toy,a,a
dirt,road,a,a
orange,dot,a,an
tape,player,a,a
broken,egg,an,a
daddy,foot,a,a
mommy,chin,a,a
green,coat,a,a
night,moon,a,a
brown,suite,a,a
giant,committee,a,a
sweet,honey,NA,NA
school,room,a,a
giant,skyscraper,a,a
trash,book,a,a
top,row,a,a
pink,coat,a,a
mud,pile,a,a
mommy,worm,a,a
farm,cat,a,a
crayon,pile,a,a
green,melon,a,a
aloe,plant,a,an
icy,coast,a,an
refrigerator,door,a,a
baby,pig,a,a
fire,grate,a,a
yellow,flag,a,a
baby,wipe,a,a
engine,train,a,an
fuzzy,peach,a,a
dirty,straw,a,a
bleach,water,NA,NA
fishing,pole,a,a
snow,shovel,a,a
oven,top,a,an
yellow,reindeer,a,a
red,man,a,a
girl,doctor,a,a
fat,doctor,a,a
brain,rot,NA,NA
red,hand,a,a
fat,face,a,a
knee,joint,a,a
food,processor,a,a
committee,report,a,a
dirty,one,a,a
green,hoop,a,a
wet,washing,NA,NA
top,oven,an,a
strawberry,juice,NA,NA
cheddar,cracker,a,a
slipper,sock,a,a
capital,letter,a,a
ground,almond,an,a
vanilla,pudding,NA,NA
shower,tray,a,a
tracksuit,bottom,a,a
dirty,park,a,a
green,door,a,a
sweet,boy,a,a
red,reindeer,a,a
red,train,a,a
broken,leg,a,a
brown,gravy,NA,NA
smoke,salmon,NA,NA
cigarette,carton,a,a
brass,drum,a,a
baby,booty,a,a
dirty,shirt,a,a
purple,triangle,a,a
bright,moonlight,NA,NA
icecream,scoop,a,an
sliced,cheese,NA,NA
sweet,cocoa,NA,NA
van,window,a,a
bunny,clothes,NA,NA
orange,tail,a,an
bead,string,a,a
mirror,piece,a,a
yellow,guy,a,a
food,bowl,a,a
red,foot,a,a
bird,nest,a,a
color,clothes,NA,NA
elephant,puzzle,a,an
window,frame,a,a
pink,snail,a,a
blind,mom,a,a
teddy,workshop,a,a
rabbit,stew,a,a
purple,horn,a,a
puzzle,book,a,a
farm,animal,an,a
tiger,baby,a,a
wet,whisker,a,a
tube,company,a,a
steel,worker,a,a
yellow,brush,a,a
orange,leg,a,an
green,spider,a,a
jump,rope,a,a
bright,beak,a,a
brown,path,a,a
naked,person,a,a
furry,bear,a,a
green,cactus,a,a
soldier,crab,a,a
purple,turtle,a,a
plastic,metal,NA,NA
juicy,meat,a,a
yellow,rake,a,a
pink,pig,a,a
mama,elephant,an,a
baby,sock,a,a
green,shell,a,a
room,clock,a,a
fish,skeleton,a,a
mutton,head,a,a
strawberry,color,a,a
chicken,coop,a,a
curtain,ring,a,a
manor,ground,NA,NA
hill,riding,NA,NA
paddle,wheel,a,a
country,mouse,a,a
purple,saber,a,a
red,kite,a,a
baby,monkey,a,a
rubber,book,a,a
sun,block,a,a
mantel,fire,NA,NA
porcelain,doll,a,a
cut,dude,a,a
quarter,moon,a,a
pink,pickle,a,a
silver,packet,a,a
bear,cub,a,a
broken,tv,a,a
poison,apple,an,a
stroller,baby,a,a
solid,path,a,a
top,penthouse,a,a
red,planet,a,a
cookie,day,a,a
noodle,soup,NA,NA
television,actress,an,a
solid,line,a,a
baby,raccoon,a,a
frame,chip,a,a
bright,punch,a,a
yellow,saddle,a,a
mommy,doggie,a,a
cinnamon,roll,a,a
foot,ball,a,a
puzzle,maker,a,a
purple,teddy,a,a
room,slipper,a,a
wood,cylinder,a,a
pink,scooter,a,a
manual,gear,a,a
concrete,floor,a,a
yellow,mouth,a,a
plant,debris,NA,NA
shield,brooch,a,a
outside,soccer,NA,NA
upstairs,sleeping,NA,NA
ladybug,toy,a,a
tonic,glass,a,a
fish,pie,a,a
purple,bug,a,a
red,jacket,a,a
flower,piece,a,a
tissue,paper,a,a
city,mouse,a,a
dark,shadow,a,a
green,toy,a,a
wet,bucket,a,a
sister,game,a,a
bottom,hair,NA,NA
frog,book,a,a
juicy,worm,a,a
diving,dummy,a,a
purple,flag,a,a
snow,tiger,a,a
dark,tunnel,a,a
umbrella,tree,a,an
fuzzy,bone,a,a
glass,slipper,a,a
dinosaur,hunter,a,a
shop,book,a,a
sister,church,a,a
color,block,a,a
baby,person,a,a
dark,chap,a,a
green,bone,a,a
ocean,world,a,an
wet,man,a,a
purple,guy,a,a
broken,pen,a,a
solid,hedge,a,a
green,bag,a,a
fish,hook,a,a
yellow,glasses,NA,NA
sea,horse,a,a
wooden,table,a,a
yellow,sheet,a,a
jet,engine,an,a
night,star,a,a
color,grey,NA,NA
country,lane,a,a
orange,rock,a,an
bank,account,an,a
train,table,a,a
dead,dad,a,a
group,secretary,a,a
basket,game,a,a
yellow,girl,a,a
mucus,sack,a,a
dirty,tank,a,a
brown,bag,a,a
marble,hearth,a,a
box,cooler,a,a
movie,puppet,a,a
cigarette,smoke,NA,NA
dinosaur,leg,a,a
green,glove,a,a
baby,nose,a,a
dead,battery,a,a
car,mat,a,a
dead,ant,an,a
lemon,chicken,a,a
giant,bomb,a,a
round,cracker,a,a
brown,person,a,a
library,ticket,a,a
lobster,pot,a,a
brown,writing,NA,NA
round,scissors,NA,NA
red,tape,a,a
bunny,ear,an,a
baby,rabbit,a,a
school,report,a,a
red,puck,a,a
green,uniform,a,a
top,line,a,a
wax,coat,a,a
rocky,truck,a,a
yellow,hand,a,a
giant,caterpillar,a,a
brown,belt,a,a
baby,giraffe,a,a
animal,puzzle,a,an
plant,food,NA,NA
gym,teacher,a,a
pink,boot,a,a
bike,riding,NA,NA
bath,toy,a,a
money,broker,a,a
round,mark,a,a
knuckle,head,a,a
crusty,loaf,a,a
video,store,a,a
toilet,seat,a,a
sweet,girl,a,a
toe,soup,NA,NA
icy,drink,a,an
tooth,brush,a,a
diamond,piece,a,a
dirty,key,a,a
purple,cocoon,a,a
princess,sticker,a,a
purple,coat,a,a
gum,tree,a,a
top,prize,a,a
lunch,break,a,a
giant,cloud,a,a
planet,earth,NA,NA
fire,hose,a,a
fat,chap,a,a
mother,pig,a,a
red,pants,NA,NA
purple,button,a,a
baby,gorilla,a,a
sleeping,dolphin,a,a
solid,bronze,NA,NA
scrap,paper,a,a
girl,bike,a,a
bean,plant,a,a
purple,wing,a,a
sweet,heart,a,a
farmer,market,a,a
dirty,truck,a,a
brown,marker,a,a
painting,shirt,a,a
flat,table,a,a
boiling,pot,a,a
colored,dot,a,a
yellow,rubber,NA,NA
red,boat,a,a
standing,penguin,a,a
cat,hair,NA,NA
roof,rack,a,a
bean,sprout,a,a
whale,song,a,a
red,turtle,a,a
red,penguin,a,a
parmesan,cheese,NA,NA
hill,top,a,a
cottage,cheese,NA,NA
dark,rock,a,a
round,corner,a,a
cake,baby,a,a
yellow,outfit,an,a
shave,rash,a,a
scrap,heap,a,a
air,push,a,an
girl,hair,NA,NA
shoe,polish,NA,NA
red,whale,a,a
sweet,pie,a,a
bald,boy,a,a
stone,coating,a,a
truck,mom,a,a
orange,kitten,a,an
giant,head,a,a
daddy,horse,a,a
roller,coaster,a,a
frozen,room,a,a
gold,dust,NA,NA
pink,carpet,a,a
juicy,pineapple,a,a
red,book,a,a
wooden,piece,a,a
water,bucket,a,a
night,bird,a,a
tap,dance,a,a
bread,crust,a,a
floor,archway,an,a
shark,game,a,a
hot,radiator,a,a
boy,baby,a,a
paper,towel,a,a
stage,spot,a,a
bible,book,a,a
purple,handle,a,a
star,red,NA,NA
green,snake,a,a
purple,train,a,a
beetle,game,a,a
garden,tree,a,a
thick,soup,NA,NA
river,shack,a,a
red,machine,a,a
stomach,bug,a,a
strawberry,cookie,a,a
pink,fur,NA,NA
color,purple,NA,NA
meal,guy,a,a
orange,truck,a,an
tin,can,a,a
daddy,lion,a,a
sweet,guy,a,a
rocket,ship,a,a
copper,dagger,a,a
brick,wall,a,a
camp,fire,a,a
purple,water,NA,NA
air,conditioner,NA,NA
throw,ball,a,a
ham,ball,a,a
red,railing,a,a
solid,color,a,a
bulletin,board,a,a
yellow,metal,NA,NA
wood,basket,a,a
grey,clay,NA,NA
dirty,mitt,a,a
glass,door,a,a
green,cup,a,a
mommy,movie,a,a
orange,ear,an,an
orange,piece,a,an
human,race,a,a
baseball,bat,a,a
hot,grease,NA,NA
grill,cheese,NA,NA
golf,ball,a,a
water,plant,a,a
yellow,hose,a,a
string,bean,a,a
cow,manure,NA,NA
swim,trunk,a,a
bleeding,phone,a,a
gum,flavor,a,a
giant,yogurt,NA,NA
heart,sweet,a,a
roll,shot,a,a
blueberry,juice,NA,NA
green,grass,NA,NA
slope,testing,a,a
wrestling,guy,a,a
squirt,gun,a,a
smoke,alarm,an,a
phone,box,a,a
stock,room,a,a
bamboo,shoot,a,a
red,hat,a,a
hippopotamus,face,a,a
yellow,moon,a,a
hand,print,a,a
snow,flake,a,a
hot,cookie,a,a
pterodactyl,leg,a,a
derby,girl,a,a
baby,beluga,a,a
fence,post,a,a
pink,bag,a,a
purple,shirt,a,a
calendar,book,a,a
juicy,fruit,a,a
gold,key,a,a
purple,girl,a,a
till,receipt,a,a
back,fence,a,a
green,frog,a,a
kid,person,a,a
sweet,mama,a,a
rain,day,a,a
baby,platypus,a,a
green,mat,a,a
spa,camera,a,a
piggy,ride,a,a
poker,game,a,a
box,tape,a,a
ballet,skirt,a,a
plastic,bag,a,a
green,water,NA,NA
orange,fish,a,an
onion,stuffing,NA,NA
bow,honey,NA,NA
water,ride,a,a
stuffed,crocodile,a,a
purple,pony,a,a
orange,lip,a,an
bear,eye,an,a
yellow,duck,a,a
pumpkin,bread,NA,NA
locked,gate,a,a
green,plate,a,a
pink,balloon,a,a
flaming,desk,a,a
sheet,pan,a,a
yellow,milk,NA,NA
boat,person,a,a
candy,apple,an,a
purple,juice,NA,NA
wire,hair,NA,NA
chest,paddling,a,a
day,person,a,a
red,dinosaur,a,a
brown,oatmeal,NA,NA
dark,picture,a,a
glue,stick,a,a
boy,doctor,a,a
dark,rabbit,a,a
dragon,bear,a,a
bear,track,a,a
hot,desert,a,a
brown,ribbon,a,a
dirty,suit,a,a
door,frame,a,a
pink,fan,a,a
parent,girl,a,a
hen,egg,an,a
bear,head,a,a
pumpkin,muffin,a,a
plastic,sack,a,a
soapy,water,NA,NA
pink,makeup,NA,NA
turtle,purple,NA,NA
plastic,grid,a,a
pearl,ribbon,a,a
wooden,side,a,a
apple,cinnamon,NA,NA
piggy,toe,a,a
swamp,land,NA,NA
bathroom,suite,a,a
dirty,tractor,a,a
thick,tights,NA,NA
red,sun,NA,NA
red,crab,a,a
dirty,mess,a,a
baby,chick,a,a
fridge,door,a,a
doggy,food,NA,NA
brown,beard,a,a
purple,bear,a,a
giant,creature,a,a
yellow,octagon,an,a
dark,mulch,NA,NA
green,light,a,a
church,warden,a,a
varnish,stain,a,a
square,pretzel,a,a
red,ruby,a,a
solid,food,NA,NA
hot,pipe,a,a
green,balloon,a,a
muffin,pan,a,a
orange,green,NA,NA
milk,pint,a,a
bathroom,ceiling,a,a
ear,drum,a,an
thick,cheese,NA,NA
mud,pool,a,a
orange,peel,a,an
red,bell,a,a
red,eye,an,a
purple,robe,a,a
snare,drum,a,a
riding,horse,a,a
bunny,costume,a,a
baby,voice,a,a
steam,engine,an,a
purple,corner,a,a
saucepan,lid,a,a
pink,slipper,a,a
brown,wing,a,a
fence,door,a,a
red,bridge,a,a
orange,carrot,a,an
car,engine,an,a
wet,wipe,a,a
fish,meal,a,a
yellow,marble,a,a
blood,vessel,a,a
marble,painting,a,a
yellow,mustache,a,a
linen,closet,a,a
sticker,book,a,a
red,clock,a,a
candy,man,a,a
window,sill,a,a
mulberry,bush,a,a
blueberry,tea,NA,NA
green,square,a,a
scavenger,hunt,a,a
green,tube,a,a
gulf,stream,a,a
green,tummy,a,a
blood,check,a,a
dirty,town,a,a
baby,bubble,a,a
outside,basket,a,an
bed,explorer,an,a
telephone,point,a,a
wood,worm,a,a
finger,nail,a,a
gas,cooking,NA,NA
car,green,NA,NA
baby,stick,a,a
potty,book,a,a
brown,lettuce,NA,NA
fish,dad,a,a
country,music,NA,NA
fire,hydrant,a,a
sea,baby,a,a
toy,tub,a,a
colored,worm,a,a
purple,ball,a,a
mitten,back,a,a
cookie,crumb,a,a
plastic,fork,a,a
passenger,train,a,a
giant,cat,a,a
survey,photograph,a,a
purple,wrapper,a,a
slam,dunk,a,a
pirate,ship,a,a
green,straw,a,a
giant,squid,a,a
bald,guy,a,a
tomato,sauce,NA,NA
pink,sweater,a,a
orange,bean,a,an
sleigh,bell,a,a
green,key,a,a
brown,crayon,a,a
outside,window,a,an
red,pole,a,a
red,rose,a,a
yellow,dress,a,a
liver,oil,NA,NA
surf,board,a,a
dirty,ground,NA,NA
purple,moon,a,a
swim,dolphin,a,a
green,rain,NA,NA
baby,body,a,a
orange,baby,a,an
cheese,packet,a,a
velvety,calf,a,a
egg,bread,NA,NA
salmon,sandwich,a,a
chocolate,log,a,a
ballroom,dancing,NA,NA
pine,needle,a,a
eye,shadow,a,an
purple,plant,a,a
wheat,cracker,a,a
transporter,company,a,a
green,candle,a,a
green,sugar,NA,NA
brick,piece,a,a
purple,spoon,a,a
red,letter,a,a
bowling,pin,a,a
military,person,a,a
bank,card,a,a
green,shoe,a,a
hedge,shears,NA,NA
square,balloon,a,a
spiral,nail,a,a
spaghetti,porridge,NA,NA
jump,jockey,a,a
yellow,bar,a,a
garage,key,a,a
sand,swell,a,a
water,gun,a,a
sewer,line,a,a
boy,swing,a,a
butter,cup,a,a
green,tooth,a,a
sugar,oatmeal,NA,NA
yellow,boat,a,a
red,suit,a,a
ocean,ship,a,an
sugar,man,a,a
purple,duck,a,a
milk,pitcher,a,a
onion,skin,NA,NA
cake,stall,a,a
fat,kiss,a,a
worm,bin,a,a
wet,clothes,NA,NA
trash,game,a,a
green,daddy,a,a
purple,marker,a,a
police,station,a,a
pig,roll,a,a
metal,clip,a,a
baby,step,a,a
music,room,a,a
night,air,NA,NA
red,petal,a,a
nanny,training,a,a
pink,cloud,a,a
plastic,spoon,a,a
fat,lump,a,a
baby,picture,a,a
daddy,company,a,a
yellow,cow,a,a
red,grey,NA,NA
bottom,bar,a,a
tree,bark,a,a
yellow,bag,a,a
flat,pumpkin,a,a
college,building,a,a
locomotive,car,a,a
gold,dragon,a,a
chocolate,milk,NA,NA
bald,baby,a,a
rugby,player,a,a
card,game,a,a
laser,beam,a,a
lead,boot,a,a
battle,field,a,a
yellow,button,a,a
water,test,a,a
broken,neck,a,a
tea,towel,a,a
pirate,guy,a,a
bright,sun,NA,NA
pet,shop,a,a
green,bead,a,a
kid,movie,a,a
dead,flower,a,a
yellow,bed,a,a
pest,attack,an,a
sirloin,steak,a,a
burnt,toasted,NA,NA
icy,road,a,an
comforter,cover,a,a
curtain,rail,a,a
water,feed,NA,NA
square,paper,a,a
foot,hole,a,a
computer,man,a,a
thyroid,infection,an,a
green,helmet,a,a
purple,head,a,a
purple,wheel,a,a
hammer,head,a,a
green,stem,a,a
green,star,a,a
soapy,bubble,a,a
top,card,a,a
orange,skin,NA,NA
cargo,ship,a,a
pink,piece,a,a
baby,jaguar,a,a
food,picture,a,a
garden,door,a,a
brown,bottom,a,a
pony,home,a,a
dragon,picture,a,a
red,mouth,a,a
chicken,prawn,a,a
baby,duck,a,a
plastic,duck,a,a
blueberry,bar,a,a
juicy,bite,a,a
fat,cookie,a,a
wet,sand,NA,NA
bath,drain,a,a
yellow,card,a,a
green,creature,a,a
draw,pile,a,a
pipe,band,a,a
outside,toilet,a,an
yellow,block,a,a
green,boxcar,a,a
blob,cookie,a,a
back,chair,a,a
back,wall,a,a
pizza,crust,a,a
giant,circle,a,a
chocolate,fry,a,a
boy,tiger,a,a
piano,bench,a,a
giant,baby,a,a
hot,coal,a,a
tub,toy,a,a
pink,box,a,a
kid,slide,a,a
outside,kitty,a,an
water,tap,a,a
asteroid,belt,a,an
baby,swing,a,a
glass,jar,a,a
yellow,hat,a,a
green,button,a,a
dark,night,a,a
yellow,house,a,a
puzzle,box,a,a
naked,bear,a,a
egg,salad,a,an
red,fan,a,a
green,dragon,a,a
slim,girl,a,a
outdoor,art,NA,NA
green,boat,a,a
orange,scissors,NA,NA
wooden,chair,a,a
blonde,one,a,a
head,piece,a,a
cherry,pie,a,a
cathedral,window,a,a
blond,hair,NA,NA
lunch,bag,a,a
elephant,grey,NA,NA
purple,pot,a,a
brown,page,a,a
hot,sauce,NA,NA
stick,person,a,a
mince,pie,a,a
yellow,color,a,a
colored,water,NA,NA
film,wrap,a,a
corn,movie,a,a
grey,dog,a,a
truck,book,a,a
girl,teacher,a,a
broken,toy,a,a
orange,cracker,a,an
brown,lid,a,a
orange,mango,a,an
water,park,a,a
yellow,pot,a,a
shadow,puppet,a,a
brick,fire,NA,NA
willow,tree,a,a
trash,man,a,a
apple,skin,NA,NA
top,window,a,a
farm,puzzle,a,a
karate,suit,a,a
green,broccoli,NA,NA
orange,slice,a,an
pink,piggy,a,a
dinosaur,bone,a,a
milk,cow,a,a
clock,book,a,a
pink,marker,a,a
oatmeal,bath,a,an
racing,car,a,a
red,tower,a,a
yellow,truck,a,a
red,tail,a,a
blowing,nose,a,a
princess,tea,NA,NA
upstairs,brush,a,an
north,wind,NA,NA
bottom,floor,a,a
slide,watch,a,a
train,money,NA,NA
soap,juice,NA,NA
red,boy,a,a
karate,ballerina,a,a
steering,wheel,a,a
pineapple,juice,NA,NA
honey,marmalade,NA,NA
hot,sun,NA,NA
color,stripe,a,a
orange,marmalade,NA,NA
upstairs,flat,a,an
snow,pants,NA,NA
engine,driver,a,an
eye,witness,a,an
thick,point,a,a
green,booger,a,a
picnic,bench,a,a
yellow,carrot,a,a
orange,flower,a,an
diamond,ring,a,a
chocolate,bar,a,a
vegetable,soup,NA,NA
sunflower,seed,a,a
snack,bar,a,a
dogs,face,a,a
yellow,broom,a,a
glass,light,a,a
freezing,water,NA,NA
brown,dog,a,a
orange,squid,a,an
country,road,a,a
pocket,money,NA,NA
wet,wash,a,a
purple,camera,a,a
red,ribbon,a,a
colored,glue,NA,NA
hot,tea,NA,NA
pink,frosting,NA,NA
night,school,a,a
giant,meteorite,a,a
pink,pony,a,a
upstairs,bed,a,an
dinosaur,picture,a,a
sun,rise,a,a
wet,towel,a,a
dirty,table,a,a
kid,bike,a,a
river,fishing,NA,NA
downstairs,loo,a,a
dirty,pavement,NA,NA
apple,tree,a,an
icy,ring,a,an
hot,rod,a,a
brown,wig,a,a
red,sauce,NA,NA
broken,bone,a,a
pink,bank,a,a
flat,knife,a,a
green,rectangle,a,a
fat,child,a,a
round,hand,a,a
couple,stair,a,a
bottom,cover,a,a
glitter,glue,NA,NA
bubble,wrap,a,a
flower,plate,a,a
scrap,yard,a,a
hair,cut,a,a
football,teacher,a,a
duffel,coat,a,a
dirty,box,a,a
dirty,movie,a,a
daddy,chin,a,a
candy,gum,a,a
bus,driver,a,a
green,land,NA,NA
dirty,vent,a,a
pub,window,a,a
green,car,a,a
cut,piece,a,a
yellow,queen,a,a
hot,wing,a,a
wooden,animal,an,a
mommy,bird,a,a
brown,suit,a,a
baby,chicken,a,a
body,wash,a,a
orange,sword,a,an
yellow,shoe,a,a
orange,tree,a,an
back,page,a,a
taxi,man,a,a
yellow,row,a,a
bacon,casserole,a,a
green,knight,a,a
ginger,ale,an,a
yellow,wedge,a,a
toy,box,a,a
song,sheet,a,a
pelican,crossing,a,a
hot,juice,NA,NA
doll,dress,a,a
yellow,pig,a,a
hot,cross,a,a
flower,pan,a,a
dog,joint,a,a
poop,factory,a,a
flower,room,a,a
bear,shoe,a,a
diamond,rock,a,a
blond,captain,a,a
header,tank,a,a
color,knight,a,a
dad,hand,a,a
ice,truck,a,an
water,bottle,a,a
yellow,fire,NA,NA
step,mother,a,a
bright,feather,a,a
machine,gun,a,a
hairy,finger,a,a
yellow,bead,a,a
brown,floor,a,a
dump,truck,a,a
print,shop,a,a
yellow,sheep,a,a
hot,pink,NA,NA
daddy,headache,a,a
dog,hair,NA,NA
girl,shoe,a,a
toilet,paper,a,a
sand,toy,a,a
blind,person,a,a
lighter,colors,a,a
orange,paint,NA,NA
pussy,cat,a,a
flat,bed,a,a
orange,hat,a,an
night,kiss,a,a
yellow,van,a,a
color,petal,a,a
bear,puzzle,a,a
carrier,bag,a,a
wolf,hound,a,a
wet,floor,a,a
pooper,scooper,a,a
lollipop,stick,a,a
sweat,top,a,a
back,cellar,a,a
macaroni,cheese,NA,NA
violin,group,a,a
nail,cut,a,a
farm,machine,a,a
baby,tiger,a,a
curly,hair,NA,NA
candy,house,a,a
wood,hardware,NA,NA
hermit,crab,a,a
ankle,sock,a,an
strawberry,flower,a,a
broken,car,a,a
coffee,cup,a,a
cut,hair,NA,NA
hot,towel,a,a
mommy,horse,a,a
fish,finger,a,a
chipmunk,song,a,a
frog,leg,a,a
giant,bucket,a,a
hot,boil,a,a
pink,snow,NA,NA
red,pin,a,a
rain,bow,a,a
red,colors,a,a
dish,soap,NA,NA
mommy,duck,a,a
hair,ball,a,a
thick,marker,a,a
dirty,pajamas,NA,NA
bow,tie,a,a
solar,house,a,a
purple,monkey,a,a
hot,grill,a,a
climbing,stair,a,a
purple,cartridge,a,a
saw,puzzle,a,a
shortbread,cookie,a,a
car,parking,NA,NA
farm,instrument,an,a
dirty,room,a,a
troll,person,a,a
drawing,office,an,a
shaving,mirror,a,a
thick,rope,a,a
orange,bird,a,an
lighter,snack,a,a
red,hamster,a,a
split,cup,a,a
orange,color,a,an
purple,stick,a,a
gold,helmet,a,a
mother,bear,a,a
puzzle,board,a,a
sand,castle,a,a
mail,truck,a,a
red,bowl,a,a
strawberry,lemonade,NA,NA
gold,shoe,a,a
fat,brush,a,a
top,cap,a,a
red,doggie,a,a
tea,cake,a,a
wet,diaper,a,a
mechanic,shop,a,a
army,officer,an,an
bear,book,a,a
cream,tub,a,a
secretary,treasurer,a,a
ferry,crossing,a,a
purple,octopus,an,a
oatmeal,bite,a,an
glass,building,a,a
dirty,finger,a,a
toddler,bed,a,a
circus,man,a,a
cut,glass,a,a
dark,color,a,a
hot,bottle,a,a
barge,person,a,a
yellow,tooth,a,a
pitch,fork,a,a
driving,instructor,an,a
astronaut,hat,a,an
bear,cry,a,a
bay,window,a,a
berry,patch,a,a
piano,player,a,a
bedside,table,a,a
dead,person,a,a
bird,cave,a,a
gold,coin,a,a
engine,oil,NA,NA
green,pot,a,a
ocean,animal,an,an
cheese,ball,a,a
red,bicycle,a,a
turkey,breast,a,a
hairy,spider,a,a
apple,juice,NA,NA
paper,sticker,a,a
air,balloon,a,an
mud,pie,a,a
orange,circle,a,an
star,fish,a,a
fish,lip,a,a
orange,broom,a,an
paint,plaster,a,a
dance,contest,a,a
hot,chocolate,NA,NA
green,elephant,an,a
flower,day,a,a
orange,pentagon,a,an
student,band,a,a
pink,milk,NA,NA
milk,shake,a,a
yellow,plastic,NA,NA
daddy,car,a,a
wet,tarmac,a,a
pink,blanket,a,a
shovel,fork,a,a
fat,piggy,a,a
sugar,cone,a,a
glass,washer,a,a
silver,penny,a,a
sugar,syrup,NA,NA
cookie,blob,a,a
donut,chair,a,a
watch,strap,a,a
top,cream,NA,NA
brown,teddy,a,a
red,purple,NA,NA
blooming,month,a,a
bloody,coconut,a,a
game,tile,a,a
circle,drawing,a,a
fat,belly,a,a
puffy,cloud,a,a
dirty,outside,an,a
book,tray,a,a
red,blood,NA,NA
cream,taste,a,a
grey,tights,NA,NA
sword,fight,a,a
female,alligator,an,a
dark,turquoise,NA,NA
check,mark,a,a
throw,toy,a,a
back,line,a,a
silky,mask,a,a
potato,chip,a,a
stand,firm,a,a
cut,trunk,a,a
red,mark,a,a
powder,paint,NA,NA
broken,crayon,a,a
mail,uniform,a,a
police,man,a,a
yellow,taxi,a,a
river,path,a,a
flat,tire,a,a
brown,horse,a,a
purple,dot,a,a
cranberry,juice,NA,NA
fire,fighter,a,a
ocean,wave,a,an
red,paint,NA,NA
red,dot,a,a
orange,leaflet,a,an
red,cab,a,a
triangle,roof,a,a
plastic,cup,a,a
ant,trail,a,an
seat,belt,a,a
bread,box,a,a
yellow,car,a,a
mud,color,a,a
orange,shovel,a,an
red,picture,a,a
orange,macaroni,NA,NA
orange,screw,a,an
head,shot,a,a
snowy,day,a,a
road,track,a,a
green,wall,a,a
hot,steam,NA,NA
hot,mess,a,a
drummer,boy,a,a
market,stall,a,a
turtle,magazine,a,a
orange,packet,a,an
home,movie,a,a
red,cape,a,a
weeping,willow,a,a
red,bone,a,a
oil,barrel,a,an
shirt,top,a,a
purple,frog,a,a
children,book,a,a
purple,bubble,a,a
sweet,potato,a,a
village,hall,a,a
lacrosse,stick,a,a
snake,tongue,a,a
bread,knife,a,a
bake,cookie,a,a
hare,lip,a,a
pink,pants,NA,NA
red,lip,a,a
batman,shoe,a,a
dark,room,a,a
dark,paint,NA,NA
dinosaur,egg,an,a
wooden,horse,a,a
oval,circle,a,an
kid,game,a,a
purple,basket,a,a
purple,bead,a,a
orange,tiger,a,an
hot,corn,a,a
ballet,dress,a,a
fish,puppet,a,a
purple,patch,a,a
green,bear,a,a
bread,dough,NA,NA
grey,hair,NA,NA
document,file,a,a
bedroom,flat,a,a
yellow,kite,a,a
pitcher,glove,a,a
ink,pad,a,an
mouse,ear,an,a
pink,cup,a,a
red,belly,a,a
orange,crayon,a,an
ankle,boot,a,an
dog,bun,a,a
bus,puzzle,a,a
green,leg,a,a
dirty,food,NA,NA
hamburger,bun,a,a
soccer,ball,a,a
jean,jacket,a,a
green,chair,a,a
yellow,stick,a,a
leaf,pile,a,a
red,luggage,NA,NA
orange,sequin,a,an
dirty,garbage,NA,NA
wash,cloth,a,a
green,bubble,a,a
upstairs,toy,a,an
balloon,popping,a,a
yellow,mountain,a,a
water,line,a,a
top,piece,a,a
straw,cup,a,a
red,lead,a,a
snack,boy,a,a
circle,puzzle,a,a
banana,chip,a,a
apple,cider,NA,NA
snowman,melt,a,a
skate,board,a,a
grocery,warehouse,a,a
wheel,chair,a,a
baby,bag,a,a
wood,box,a,a
car,ferry,a,a
red,tights,NA,NA
smiley,face,a,a
crystal,piece,a,a
cherry,vanilla,NA,NA
bath,room,a,a
yellow,match,a,a
student,nurse,a,a
baby,cat,a,a
orange,ball,a,an
firehouse,lunch,a,a
red,tractor,a,a
bowling,alley,an,a
snow,ball,a,a
pink,teddy,a,a
toy,man,a,a
purple,mouse,a,a
baby,bath,a,a
green,house,a,a
red,dandelion,a,a
frozen,shoulder,a,a
hot,milk,NA,NA
vinegar,bottle,a,a
color,book,a,a
company,software,NA,NA
red,border,a,a
oak,tree,a,an
music,note,a,a
mommy,hair,NA,NA
top,branch,a,a
burglar,alarm,an,a
office,key,a,an
green,toe,a,a
movie,channel,a,a
dune,buggy,a,a
yellow,green,NA,NA
red,pig,a,a
exterior,light,a,an
plastics,company,a,a
yellow,chalk,NA,NA
baby,clothes,NA,NA
park,parade,a,a
bike,ride,a,a
car,seat,a,a
hot,doggy,a,a
pink,sock,a,a
green,dress,a,a
sea,shell,a,a
copy,cat,a,a
yellow,square,a,a
wall,drawer,a,a
maple,sugar,NA,NA
snow,hill,a,a
sky,color,a,a
day,school,a,a
vanilla,wafer,a,a
peacock,feather,a,a
flat,fish,a,a
garden,sign,a,a
cream,cheese,NA,NA
hair,barrette,a,a
orange,zebra,a,an
bear,tooth,a,a
cheese,sauce,NA,NA
blood,checker,a,a
bright,leaf,a,a
brown,ale,an,a
red,sifter,a,a
color,leg,a,a
purple,light,a,a
wrap,present,a,a
frozen,lip,a,a
puppy,bark,a,a
letter,side,a,a
model,girl,a,a
horse,shoeing,a,a
coal,block,a,a
green,triangle,a,a
red,cap,a,a
rectangle,door,a,a
purple,submarine,a,a
orange,bud,a,an
mommy,parrot,a,a
belly,button,a,a
round,carpet,a,a
orange,noodle,a,an
baby,tooth,a,a
plastic,lid,a,a
rain,umbrella,an,a
shore,island,an,a
brown,guy,a,a
cigarette,smoking,NA,NA
green,pea,a,a
bear,cookie,a,a
picnic,blanket,a,a
tobacco,jar,a,a
baby,girl,a,a
outside,toy,a,an
pointy,fish,a,a
shoe,rack,a,a
bubble,game,a,a
head,pirate,a,a
web,site,a,a
gold,medal,a,a
brake,dust,NA,NA
mama,deer,a,a
bicycle,store,a,a
orange,peach,a,an
red,seat,a,a
hay,stack,a,a
brown,trunk,a,a
brush,handle,a,a
family,room,a,a
orange,letter,a,an
grassy,field,a,a
fish,fin,a,a
stegosaurus,strike,a,a
knight,costume,a,a
executive,committee,a,an
potato,scoop,a,a
red,star,a,a
cannon,ball,a,a
flat,house,a,a
trash,can,a,a
yellow,blanket,a,a
green,shovel,a,a
cardboard,house,a,a
round,wall,a,a
red,edge,an,a
orange,train,a,an
wooden,leg,a,a
pink,bottle,a,a
tip,toe,a,a
purple,crayon,a,a
building,marker,a,a
red,card,a,a
mommy,hand,a,a
tea,pickle,a,a
baby,alligator,an,a
jelly,bagel,a,a
hot,stove,a,a
cable,run,a,a
purple,reindeer,a,a
yellow,roller,a,a
green,yogurt,NA,NA
grey,label,a,a
pink,scarf,a,a
hairless,cat,a,a
hand,washing,NA,NA
teen,movie,a,a
fuel,tank,a,a
brown,monkey,a,a
red,pea,a,a
apple,core,a,an
walking,stick,a,a
fuzzy,blanket,a,a
wet,hand,a,a
red,bow,a,a
slave,driver,a,a
yellow,leg,a,a
organ,pipe,a,an
farmer,man,a,a
pink,rectangle,a,a
ear,hole,a,an
ice,box,a,an
yogurt,raisin,a,a
pink,lip,a,a
grey,cap,a,a
orange,button,a,an
dark,glasses,NA,NA
top,model,a,a
floor,tiling,NA,NA
fruit,cake,a,a
squirt,guns,a,a
pencil,case,a,a
purple,shovel,a,a
red,rod,a,a
yellow,triangle,a,a
red,leaf,a,a
red,square,a,a
dark,yard,a,a
dance,floor,a,a
furry,puppy,a,a
orange,container,a,an
daddy,picture,a,a
pickle,sandwich,a,a
station,sign,a,a
sweet,packet,a,a
bright,hair,NA,NA
fire,engine,an,a
whale,shark,a,a
bald,eagle,an,a
square,piece,a,a
cream,sandwich,a,a
locked,door,a,a
yellow,elephant,an,a
bubble,clown,a,a
toy,board,a,a
scout,tent,a,a
yellow,piggie,a,a
green,fish,a,a
giant,one,a,a
market,day,a,a
school,call,a,a
acid,soil,NA,NA
sweet,person,a,a
quarter,motor,a,a
granola,bar,a,a
bunny,hole,a,a
wine,purse,a,a
freeze,tag,a,a
yellow,colors,a,a
boy,drink,a,a
finger,food,NA,NA
purple,ark,an,a
boat,singing,NA,NA
bloody,day,a,a
pottery,room,a,a
chicken,mushroom,a,a
giant,potato,a,a
color,orange,an,a
round,glasses,NA,NA
wildlife,park,a,a
child,seat,a,a
sweet,home,a,a
hair,day,a,a
dozen,egg,an,a
doggy,bin,a,a
dinosaur,blanket,a,a
wall,light,a,a
school,playground,a,a
red,bead,a,a
paper,boy,a,a
purple,worm,a,a
sleep,walking,NA,NA
dirty,car,a,a
blind,mommy,a,a
sugar,spoon,a,a
key,lock,a,a
dirty,pillow,a,a
kitchen,light,a,a
night,cream,NA,NA
round,tablet,a,a
tennis,ball,a,a
green,scissors,NA,NA
grilled,cheese,NA,NA
rainbow,parrot,a,a
pool,table,a,a
call,box,a,a
female,crab,a,a
board,book,a,a
bridesmaid,dress,a,a
oatmeal,breakfast,a,an
teddy,snack,a,a
red,cone,a,a
cheese,sandwich,a,a
mama,duck,a,a
round,penny,a,a
chain,saw,a,a
holly,leaf,a,a
ginger,wine,NA,NA
flat,floor,a,a
woman,sitting,a,a
kettle,boiling,NA,NA
grassy,piece,a,a
flower,border,a,a
yellow,star,a,a
oil,taste,a,an
orange,taste,a,an
steam,roller,a,a
jazz,band,a,a
fish,net,a,a
baby,dinosaur,a,a
furry,duck,a,a
dance,room,a,a
green,diamond,a,a
alligator,green,NA,NA
soy,milk,NA,NA
fuzzy,poodle,a,a
girl,toy,a,a
orange,tower,a,an
red,face,a,a
shot,guns,a,a
music,box,a,a
fat,leg,a,a
yellow,pail,a,a
baking,bread,NA,NA
cocktail,bar,a,a
pirate,beard,a,a
red,hair,NA,NA
drum,body,a,a
hand,dress,a,a
breakfast,bar,a,a
dough,rise,a,a
seedless,grape,a,a
television,licence,a,a
toy,soldier,a,a
woman,show,a,a
dark,brown,NA,NA
frog,umbrella,an,a
wing,color,a,a
flip,flop,a,a
green,honey,NA,NA
strawberry,milk,NA,NA
dark,food,NA,NA
wet,baby,a,a
bunny,show,a,a
giant,seal,a,a
snack,honey,NA,NA
ferry,boat,a,a
pink,juice,NA,NA
school,day,a,a
navy,sweater,a,a
milk,bottle,a,a
pirate,station,a,a
yellow,shovel,a,a
flower,seed,a,a
picnic,basket,a,a
fish,song,a,a
orange,finger,a,an
paint,stamping,NA,NA
bright,child,a,a
round,knob,a,a
attic,bedroom,a,an
orange,collection,a,an
driving,horse,a,a
thick,one,a,a
fish,cake,a,a
plastic,edging,NA,NA
outside,building,a,an
pie,baking,NA,NA
giant,dog,a,a
singing,song,a,a
cat,food,NA,NA
office,clerk,a,an
guitar,player,a,a
dark,purple,NA,NA
fire,pole,a,a
sweat,shirt,a,a
iron,board,a,an
wooden,stair,a,a
pink,lipstick,NA,NA
green,container,a,a
bubble,gun,a,a
yellow,airplane,an,a
yellow,lion,a,a
back,leg,a,a
leg,bone,a,a
salad,sandwich,a,a
red,gate,a,a
orange,eye,an,an
girl,potty,a,a
dinosaur,arm,an,a
orange,boat,a,an
yellow,marker,a,a
whey,curd,a,a
fat,piggie,a,a
red,box,a,a
office,girl,a,an
gold,sky,a,a
electronics,firm,a,an
chair,seat,a,a
dirty,guy,a,a
metallic,bronze,NA,NA
yellow,arrow,an,a
owl,book,a,an
juice,box,a,a
sweet,granny,a,a
dirty,spoon,a,a
snow,falling,NA,NA
dark,woods,NA,NA
pink,door,a,a
mermaid,leg,a,a
fat,guy,a,a
wooden,shoe,a,a
pink,lemonade,NA,NA
show,office,an,a
dolly,guy,a,a
green,jelly,NA,NA
shoe,museum,a,a
assistant,manager,a,an
green,vacuum,a,a
yellow,track,a,a
skunk,salad,a,a
circle,piece,a,a
top,side,a,a
water,pill,a,a
traffic,light,a,a
puppy,guy,a,a
pink,sandal,a,a
kitty,litter,NA,NA
frown,face,a,a
grey,beard,a,a
gold,cap,a,a
dead,brain,a,a
stand,point,a,a
bear,pants,NA,NA
lunch,plate,a,a
candy,dish,a,a
bunny,mama,a,a
green,paper,a,a
mommy,baby,a,a
octopus,tentacle,a,an
slide,honey,NA,NA
yellow,bin,a,a
fat,girl,a,a
draw,prize,a,a
round,hole,a,a
fire,side,a,a
grilled,sandwich,a,a
purple,screw,a,a
flat,one,a,a
rain,shower,a,a
wooden,trough,a,a
road,racing,NA,NA
orange,grey,NA,NA
daddy,dinosaur,a,a
shop,floor,a,a
potato,salad,a,a
gold,necklace,a,a
family,day,a,a
mommy,talk,a,a
throw,pillow,a,a
baby,powder,NA,NA
spray,bubble,a,a
pink,purse,a,a
onion,sandwich,a,an
rum,truffle,a,a
pink,leg,a,a
kid,book,a,a
leather,case,a,a
orange,hand,a,an
green,tea,NA,NA
giant,fire,NA,NA
book,sticker,a,a
lollipop,wand,a,a
forty,eight,an,a
gram,jar,a,a
coffee,pot,a,a
tile,pattern,a,a
green,truck,a,a
baby,dish,a,a
cloth,heart,a,a
fruit,punch,a,a
dark,ring,a,a
green,eel,an,a
hamburger,meat,NA,NA
back,hoe,a,a
hot,tank,a,a
yellow,shelf,a,a
purple,pear,a,a
sweet,shrimp,NA,NA
mud,pot,a,a
bell,sticker,a,a
brandy,butter,NA,NA
pink,car,a,a
spanking,spot,a,a
yellow,grey,NA,NA
ball,player,a,a
checkout,girl,a,a
cut,bread,NA,NA
plastic,wrap,a,a
cooking,chocolate,NA,NA
orange,belt,a,an
purple,pickle,a,a
yellow,fat,NA,NA
wheat,cookie,a,a
oyster,cracker,a,an
elephant,scale,a,an
yellow,cap,a,a
oval,piece,a,an
flag,drawer,a,a
elephant,toy,a,an
grocery,list,a,a
red,diamond,a,a
outside,wind,NA,NA
sail,boat,a,a
round,wheel,a,a
bunny,slipper,a,a
hot,sandwich,a,a
cub,group,a,a
gym,shoe,a,a
brother,bunny,a,a
orange,car,a,an
banana,sundae,a,a
ladies,mother,a,a
pirate,land,NA,NA
beetle,family,a,a
door,casing,a,a
mauve,ring,a,a
hot,book,a,a
nut,juice,NA,NA
octopus,talon,a,an
cash,book,a,a
motor,bridge,a,a
oatmeal,raisin,a,an
red,digger,a,a
page,boy,a,a
metal,edge,an,a
top,butter,NA,NA
bright,boy,a,a
round,sun,NA,NA
car,tire,a,a
gas,man,a,a
green,spoon,a,a
hail,storm,a,a
yellow,noodle,a,a
taller,tower,a,a
uniform,skirt,a,a
sunset,sky,a,a
firework,factory,a,a
naked,girl,a,a
fish,stick,a,a
red,cow,a,a
pink,nose,a,a
fat,bird,a,a
red,corner,a,a
green,hand,a,a
yellow,coat,a,a
forty,inch,an,a
pink,eye,an,a
pink,hippo,a,a
stain,varnish,NA,NA
hot,blanket,a,a
house,spider,a,a
swimming,pool,a,a
mama,hat,a,a
taller,ceiling,a,a
police,guard,a,a
giant,sundial,a,a
putty,hand,a,a
mud,trail,a,a
circus,baby,a,a
furry,guy,a,a
oatmeal,bowl,a,an
green,heart,a,a
sugar,fat,NA,NA
orange,structure,a,an
hot,whisky,NA,NA
outside,theater,a,an
grey,snow,NA,NA
phone,call,a,a
bug,book,a,a
charcoal,grill,a,a
stairs,toy,a,a
purple,sandbox,a,a
frog,hat,a,a
yellow,radiator,a,a
purple,chalk,NA,NA
green,turtle,a,a
chocolate,dough,NA,NA
pink,edge,an,a
girl,bunny,a,a
tennis,shoe,a,a
pork,chop,a,a
pillar,box,a,a
orange,juice,NA,NA
plastic,wateringcan,a,a
pink,shirt,a,a
muffin,man,a,a
dragon,piece,a,a
bar,lounge,a,a
baby,carrot,a,a
corn,cookie,a,a
cream,cone,a,a
mama,lion,a,a
plant,house,a,a
light,weight,a,a
bear,costume,a,a
cheese,bag,a,a
dirty,floor,a,a
yellow,crayon,a,a
fish,seafood,NA,NA
picture,window,a,a
goldfish,jumping,NA,NA
bowler,hat,a,a
draw,ticket,a,a
hive,bee,a,a
smoke,tablet,a,a
baby,puppy,a,a
picture,card,a,a
child,person,a,a
green,tree,a,a
cheese,stick,a,a
fork,lift,a,a
peach,cobbler,a,a
toast,cheese,NA,NA
purple,grey,NA,NA
shoe,shop,a,a
orange,tractor,a,an
flat,box,a,a
yellow,lemon,a,a
toy,house,a,a
red,gravy,NA,NA
grill,pan,a,a
toy,block,a,a
bear,face,a,a
terrace,house,a,a
red,plate,a,a
apple,pie,a,an
hot,food,NA,NA
wooden,box,a,a
daddy,tiger,a,a
green,sword,a,a
fatty,lady,a,a
rain,forest,a,a
jelly,bean,a,a
casserole,dish,a,a
baby,seat,a,a
butt,cheek,a,a
licorice,snack,a,a
green,box,a,a
hot,cream,NA,NA
wood,chip,a,a
cooking,meal,a,a
round,puzzle,a,a
magnet,toy,a,a
sketchbook,pad,a,a
slippery,bug,a,a
phone,card,a,a
puzzle,game,a,a
sleeveless,suit,a,a
dark,orange,an,a
camping,school,a,a
daddy,bear,a,a
fish,dinner,a,a
room,closet,a,a
purple,arm,an,a
calendar,date,a,a
pink,cookie,a,a
trash,bin,a,a
honey,bee,a,a
yellow,honey,NA,NA
pinky,toe,a,a
bright,colors,a,a
red,truck,a,a
rail,road,a,a
hot,date,a,a
light,grate,a,a
dead,cereal,NA,NA
letter,factory,a,a
baby,animal,an,a
yellow,lemonade,NA,NA
green,paint,NA,NA
lawn,mower,a,a
tape,head,a,a
dill,pickle,a,a
chocolate,frog,a,a
mud,pit,a,a
green,grey,NA,NA
rusty,nail,a,a
text,book,a,a
sunny,road,a,a
hand,motor,a,a
machine,smock,a,a
lego,boy,a,a
film,star,a,a
sugar,mama,a,a
baby,ice,NA,NA
red,shirt,a,a
paint,tray,a,a
fat,finger,a,a
umbrella,stick,a,an
orange,apple,an,an
toddler,toy,a,a
mama,bear,a,a
sugar,cookie,a,a
pink,limousine,a,a
yellow,butterfly,a,a
round,side,a,a
turtle,brown,NA,NA
ball,bat,a,a
pussy,hair,NA,NA
puppy,blanket,a,a
dead,bug,a,a
color,circle,a,a
hot,oil,NA,NA
rope,walker,a,a
walking,boot,a,a
bird,bath,a,a
family,exercise,an,a
key,chain,a,a
dressing,room,a,a
round,egg,an,a
meat,sandwich,a,a
kissing,hand,a,a
fish,bowl,a,a
bubble,flavor,a,a
spider,leg,a,a
lego,person,a,a
railway,line,a,a
marble,flooring,NA,NA
veggie,cheese,NA,NA
mail,box,a,a
gum,drop,a,a
fish,eye,an,a
bear,hunter,a,a
mutant,toy,a,a
birth,month,a,a
purple,balloon,a,a
purple,phone,a,a
floor,board,a,a
brother,chick,a,a
hot,bag,a,a
record,player,a,a
pink,whale,a,a
dirty,milk,NA,NA
frog,girl,a,a
cream,truck,a,a
feather,painting,a,a
outside,shoe,a,an
red,piece,a,a
strawberry,chocolate,NA,NA
braid,hair,NA,NA
orange,sugar,NA,NA
face,cake,a,a
net,curtain,a,a
lady,toy,a,a
pink,cap,a,a
breaking,limb,a,a
red,tree,a,a
daddy,cow,a,a
painting,bib,a,a
broken,tool,a,a
circus,police,NA,NA
silky,thread,a,a
pink,dress,a,a
crusty,top,a,a
brown,shorts,NA,NA
baby,goat,a,a
fat,milk,NA,NA
foil,tray,a,a
prize,game,a,a
vitamin,pill,a,a
dark,lollipop,a,a
sea,picture,a,a
purple,pepper,a,a
breakfast,cereal,NA,NA
milk,mustache,a,a
red,wine,NA,NA
red,milk,NA,NA
fruit,stall,a,a
fuzzy,flower,a,a
hot,cloth,a,a
junction,box,a,a
yellow,bus,a,a
music,hall,a,a
cooking,breakfast,a,a
fish,game,a,a
girl,deer,a,a
purple,puppy,a,a
brake,drum,a,a
yogurt,juice,NA,NA
baby,owl,an,a
bakery,bread,NA,NA
cheese,slice,a,a
table,leg,a,a
turtle,orange,an,a
conveyor,belt,a,a
fat,marker,a,a
snow,fight,a,a
fishing,hole,a,a
burnt,rubber,NA,NA
hot,honey,NA,NA
snow,night,a,a
hot,sausage,a,a
round,clock,a,a
pear,tree,a,a
green,stool,a,a
pink,stair,a,a
carat,ring,a,a
fur,coat,a,a
skate,boarding,NA,NA
fold,laundry,NA,NA
closet,chair,a,a
giant,belt,a,a
library,tray,a,a
pink,tool,a,a
magazine,rack,a,a
car,station,a,a
sea,turtle,a,a
material,flower,a,a
baby,seal,a,a
pirate,costume,a,a
cow,boy,a,a
yellow,paint,NA,NA
toy,baby,a,a
solid,tape,a,a
yellow,balloon,a,a
wet,face,a,a
orange,hamster,a,an
green,hair,NA,NA
water,kitty,a,a
hot,pattern,a,a
purple,dude,a,a
hot,fan,a,a
bottom,jaw,a,a
gold,bag,a,a
stud,dog,a,a
purple,wiggle,a,a
bright,tomato,a,a
night,raccoon,a,a
marmalade,fish,a,a
wedding,ring,a,a
twin,room,a,a
wiggle,worm,a,a
breakfast,egg,an,a
fishing,rod,a,a
yellow,cup,a,a
foam,piece,a,a
aluminum,rod,a,an
plastic,tray,a,a
gas,mask,a,a
yellow,wing,a,a
hot,ice,NA,NA
paint,shirt,a,a
red,shoe,a,a
coffee,break,a,a
cuckoo,clock,a,a
girl,cup,a,a
toucan,bird,a,a
green,pencil,a,a
family,feast,a,a
circus,bus,a,a
money,machine,a,a
elephant,brooch,a,an
elephant,crying,NA,NA
spiral,grip,a,a
furry,cat,a,a
baby,cup,a,a
paper,cut,a,a
toy,bag,a,a
car,carrier,a,a
tree,top,a,a
fat,cat,a,a
suction,cup,a,a
red,licorice,NA,NA
wet,suit,a,a
hot,car,a,a
outside,piece,a,an
pink,suit,a,a
tennis,racket,a,a
green,cookie,a,a
flying,dragon,a,a
dog,dance,a,a
bunny,jumping,NA,NA
ultrasound,picture,a,an
sliced,potato,a,a
giant,tower,a,a
male,lead,a,a
velvet,slipper,a,a
frog,jump,a,a
push,bike,a,a
face,guy,a,a
ant,block,a,an
tile,floor,a,a
bouncing,spot,a,a
turtle,hat,a,a
plastic,truck,a,a
baby,eagle,an,a
red,ocean,an,a
ball,man,a,a
wet,road,a,a
furry,coach,a,a
red,bracelet,a,a
red,candy,NA,NA
shower,curtain,a,a
jacket,top,a,a
cough,drop,a,a
fish,egg,an,a
picnic,table,a,a
elf,talk,a,an
one,piece,a,a
yellow,ribbon,a,a
yellow,feather,a,a
red,juice,NA,NA
worm,poop,NA,NA
home,page,a,a
strawberry,yogurt,NA,NA
triangle,toast,NA,NA
sperm,cell,a,a
puppy,print,a,a
bottom,light,a,a
red,gym,a,a
green,carrot,a,a
yellow,knee,a,a
purple,footprint,a,a
hot,shake,a,a
teddy,home,a,a
twin,tub,a,a
diaper,baby,a,a
back,plate,a,a
hot,piece,a,a
red,bottom,a,a
red,tongue,a,a
ball,bunny,a,a
red,green,NA,NA
bear,growl,a,a
door,speaker,a,a
purple,room,a,a
prawn,cocktail,a,a
boy,bed,a,a
brown,sweater,a,a
chocolate,cookie,a,a
surface,dwelling,a,a
purple,jacket,a,a
red,snake,a,a
mommy,cup,a,a
octopus,spying,NA,NA
animal,picture,a,an
pond,deer,a,a
children,slip,a,a
dark,pink,NA,NA
army,man,a,an
bean,bag,a,a
dirty,mouse,a,a
sweatshirt,top,a,a
tuna,fish,a,a
night,sign,a,a
burger,bar,a,a
penguin,body,a,a
cream,chocolate,NA,NA
dolphin,show,a,a
hot,wax,NA,NA
wet,spot,a,a
furry,gorilla,a,a
stuffed,puppy,a,a
scout,badge,a,a
blowing,kiss,a,a
dead,leaf,a,a
thick,noodle,a,a
bubble,blower,a,a
purple,bird,a,a
brown,tree,a,a
fire,station,a,a
mama,rabbit,a,a
square,box,a,a
garbage,truck,a,a
red,oval,an,a
bank,manager,a,a
top,lip,a,a
red,butterfly,a,a
farm,book,a,a
welding,rod,a,a
nylon,bag,a,a
purple,ear,an,a
ballet,slipper,a,a
ball,mitt,a,a
boy,mouth,a,a
sycamore,tree,a,a
wet,shirt,a,a
roll,marble,a,a
giant,ball,a,a
purple,cow,a,a
poison,rattlesnake,a,a
color,green,NA,NA
cupboard,door,a,a
brown,piece,a,a
singing,contest,a,a
yellow,head,a,a
furry,teddy,a,a
dirty,corner,a,a
dish,wash,a,a
bright,crayon,a,a
concrete,path,a,a
green,block,a,a
wet,panty,a,a
railroad,track,a,a
ninja,turtle,a,a
green,bed,a,a
heart,muscle,a,a
purple,salad,a,a
foot,piece,a,a
baby,jogger,a,a
street,car,a,a
hall,closet,a,a
yellow,chair,a,a
furry,costume,a,a
soap,bottle,a,a
grey,shorts,NA,NA
mommy,bear,a,a
blind,spot,a,a
purple,kangaroo,a,a
house,beam,a,a
castle,book,a,a
rectangle,book,a,a
sand,block,a,a
cement,truck,a,a
grey,cat,a,a
oven,mitt,a,an
fruit,shop,a,a
muscle,man,a,a
giant,gorilla,a,a
shadow,line,a,a
strawberry,patch,a,a
movie,theater,a,a
cat,litter,NA,NA
snow,melt,a,a
dark,light,a,a
elephant,book,a,an
yellow,cartridge,a,a
food,card,a,a
round,hoop,a,a
pink,sand,NA,NA
yellow,box,a,a
light,beam,a,a
fish,sticker,a,a
baby,alarm,an,a
foot,radiator,a,a
foot,pruner,a,a
raspberry,patch,a,a
pine,tree,a,a
purple,cap,a,a
block,house,a,a
ant,trap,a,an
orange,drop,a,an
wooden,track,a,a
petrol,tank,a,a
caramel,cluster,a,a
shrub,border,a,a
pointy,tip,a,a
car,park,a,a
aphid,sandwich,a,an
yellow,neon,NA,NA
bubble,world,a,a
yellow,horse,a,a
ostrich,leg,a,an
coffee,grinder,a,a
skunk,stew,a,a
red,bat,a,a
video,recorder,a,a
wet,mommy,a,a
pita,bread,NA,NA
striped,worm,a,a
bum,worker,a,a
hot,day,a,a
silk,worm,a,a
fish,market,a,a
water,bridge,a,a
purple,fish,a,a
lace,cover,a,a
sugar,water,NA,NA
flat,mat,a,a
wife,battering,a,a
slippery,soap,NA,NA
paper,airplane,an,a
olive,oil,NA,NA
sweet,sauce,NA,NA
blind,eye,an,a
people,zombie,a,a
bedroom,room,a,a
soy,sauce,NA,NA
sea,mammal,a,a
silky,ear,an,a
church,minister,a,a
red,paper,a,a
dirty,laundry,NA,NA
bubble,blow,a,a
wooden,sword,a,a
flat,land,NA,NA
pink,ring,a,a
boy,pants,NA,NA
popcorn,maker,a,a
dress,clothes,NA,NA
school,bus,a,a
fat,baby,a,a
furniture,shop,a,a
pull,toy,a,a
brown,squirrel,a,a
farm,truck,a,a
curry,rice,NA,NA
vanilla,cookie,a,a
red,block,a,a
round,ball,a,a
green,chest,a,a
people,group,a,a
train,yard,a,a
aquarium,car,a,an
mural,show,a,a
daddy,kiss,a,a
squid,soda,NA,NA
red,wing,a,a
food,group,a,a
thick,head,a,a
sweet,pepper,a,a
yellow,collar,a,a
yellow,chick,a,a
striped,fish,a,a
wooden,spoon,a,a
red,boot,a,a
green,money,NA,NA
fuzzy,tail,a,a
purple,color,a,a
fold,blanket,a,a
yellow,bib,a,a
upstairs,cafe,a,an
game,mommy,a,a
witch,castle,a,a
dead,horse,a,a
train,piece,a,a
stroke,room,a,a
red,circle,a,a
thick,marmalade,NA,NA
rainbow,crayon,a,a
princess,puzzle,a,a
purple,pentagon,a,a
flying,horse,a,a
orange,planet,a,an
glass,house,a,a
brown,dot,a,a
screw,driver,a,a
wet,snow,NA,NA
solid,door,a,a
yellow,dinosaur,a,a
giant,piece,a,a
purple,scribble,a,a
lego,girl,a,a
grey,cloud,a,a
dark,pet,a,a
daddy,elephant,an,a
dirty,pamper,a,a
town,clerk,a,a
freeze,pop,a,a
naked,baby,a,a
wet,glue,NA,NA
farm,dog,a,a
alphabet,toy,a,an
toast,stick,a,a
lace,curtain,a,a
meat,pie,a,a
lily,pad,a,a
blond,girl,a,a
dairy,barn,a,a
green,casing,a,a
dead,man,a,a
red,pickle,a,a
baby,cot,a,a
yoyo,ball,a,a
fish,animal,an,a
elephant,leg,a,an
table,tennis,NA,NA
skunk,baby,a,a
water,tank,a,a
ant,powder,NA,NA
brass,plate,a,a
yellow,tape,a,a
head,stand,a,a
purple,heart,a,a
tv,retailer,a,a
purple,dress,a,a
broom,sweep,a,a
staff,entertainment,NA,NA
car,stair,a,a
floor,face,a,a
bright,man,a,a
dress,ring,a,a
bowl,bud,a,a
green,mouth,a,a
strawberry,cream,NA,NA
dog,house,a,a
laughing,baby,a,a
mirror,tile,a,a
freezing,plant,a,a
worm,food,NA,NA
bubble,maker,a,a
bubble,soup,NA,NA
dog,park,a,a
fairy,baby,a,a
pink,ball,a,a
classroom,window,a,a
purple,snake,a,a
mud,line,a,a
office,group,a,an
glass,cover,a,a
pet,food,NA,NA
frog,house,a,a
mouse,driver,a,a
wet,filter,a,a
flip,top,a,a
red,sand,NA,NA
hot,room,a,a
purple,soda,NA,NA
toy,ship,a,a
daddy,book,a,a
game,contestant,a,a
red,bunny,a,a
ear,phone,a,an
dinosaur,sticker,a,a
green,train,a,a
dirty,honey,NA,NA
shoe,horn,a,a
bunny,cloud,a,a
red,cherry,a,a
candy,bag,a,a
green,pop,a,a
dog,cheese,NA,NA
yellow,dot,a,a
cough,medicine,NA,NA
hot,potato,a,a
ball,game,a,a
mail,person,a,a
green,paddle,a,a
candy,gumball,a,a
boy,bear,a,a
hind,foot,a,a
yellow,fish,a,a
wet,rag,a,a
pink,pillow,a,a
red,car,a,a
orange,hippo,a,an
brother,tiger,a,a
water,toy,a,a
green,eye,an,a
pink,orange,an,a
fly,soup,NA,NA
puppet,house,a,a
night,bear,a,a
inch,wire,a,an
bread,pasta,NA,NA
karate,girl,a,a
nursery,school,a,a
red,jeep,a,a
pink,tulip,a,a
beach,ball,a,a
dark,suit,a,a
orange,arm,an,an
stick,bug,a,a
kitchen,water,NA,NA
ground,rice,NA,NA
carpet,tile,a,a
mommy,room,a,a
brown,paper,a,a
bunny,blanket,a,a
grey,shoe,a,a
moon,beam,a,a
red,match,a,a
hot,pan,a,a
top,shop,a,a
pill,pen,a,a
pink,purple,NA,NA
peg,leg,a,a
frozen,chicken,a,a
outside,hallway,a,an
doctor,visit,a,a
singing,mommy,a,a
pretzel,stick,a,a
toy,bin,a,a
engine,shed,a,an
princess,cake,a,a
trigger,fish,a,a
kids,day,a,a
hot,cup,a,a
plastic,table,a,a
log,book,a,a
fish,tank,a,a
poison,stem,a,a
chief,accountant,an,a
bear,mitten,a,a
forty,pound,a,a
bean,dish,a,a
dirty,cloth,a,a
green,bean,a,a
baby,bear,a,a
wet,foot,a,a
diamond,button,a,a
letter,box,a,a
swim,shoe,a,a
bird,girl,a,a
battery,game,a,a
mermaid,hole,a,a
dragon,guy,a,a
top,hit,a,a
round,circle,a,a
brown,cookie,a,a
fuzzy,ear,an,a
broken,toe,a,a
fire,man,a,a
orange,monkey,a,an
noodle,worm,a,a
silver,line,a,a
mommy,chair,a,a
red,spot,a,a
dolly,dress,a,a
hummus,bread,NA,NA
red,fish,a,a
apple,barrel,a,an
plastic,tunnel,a,a
red,lid,a,a
cardboard,cylinder,a,a
green,fire,NA,NA
green,circle,a,a
yellow,lid,a,a
chalk,duster,a,a
sweet,bread,NA,NA
green,cap,a,a
meadow,walk,a,a
baby,moon,a,a
hound,letter,a,a
pony,piece,a,a
water,man,a,a
hot,syrup,NA,NA
frozen,pea,a,a
shelve,divider,a,a
key,ring,a,a
baby,buggy,a,a
people,rug,a,a
bottom,picture,a,a
bathroom,room,a,a
pink,sword,a,a
pink,bottom,a,a
top,refrigerator,a,a
table,honey,NA,NA
dark,bath,a,a
tooth,book,a,a
daddy,chair,a,a
leg,room,a,a
oat,meal,a,an
trash,block,a,a
bright,red,NA,NA
potty,chair,a,a
dirty,bubble,a,a
violin,teacher,a,a
purple,suit,a,a
cutting,board,a,a
cathedral,choir,a,a
yellow,plane,a,a
astronaut,costume,a,an
door,handle,a,a
pink,block,a,a
bottom,dollar,a,a
pink,tunnel,a,a
green,knife,a,a
telephone,call,a,a
orange,shirt,a,an
tartar,taste,a,a
bible,school,a,a
baby,mama,a,a
green,noodle,a,a
machinery,catalogue,a,a
chicken,noodle,a,a
top,shelf,a,a
plastic,wallet,a,a
square,yard,a,a
metal,piece,a,a
mommy,tiger,a,a
yellow,picture,a,a
computer,person,a,a
guy,knight,a,a
brake,fluid,NA,NA
purple,ketchup,NA,NA
wall,tile,a,a
sister,fight,a,a
coffee,bean,a,a
dinosaur,head,a,a
solid,block,a,a
purple,pad,a,a
hot,balloon,a,a
toy,puppy,a,a
orange,bag,a,an
green,scissor,a,a
red,cheek,a,a
round,tower,a,a
plastic,glasses,NA,NA
banana,apple,an,a
suite,shower,a,a
granddad,kiss,a,a
broken,bat,a,a
brick,house,a,a
plastic,container,a,a
peanut,butter,NA,NA
yellow,curtain,a,a
car,track,a,a
animal,book,a,an
sailor,collar,a,a
post,office,an,a
red,knob,a,a
orange,soda,NA,NA
ant,food,NA,NA
purple,sweater,a,a
orange,block,a,an
purple,leg,a,a
questionnaire,letter,a,a
baby,turtle,a,a
tee,shirt,a,a
water,running,NA,NA
wheelie,bin,a,a
furniture,curtain,a,a
water,honey,NA,NA
room,sweet,a,a
picture,rail,a,a
toy,closet,a,a
honey,butter,NA,NA
red,toy,a,a
standing,wall,a,a
bread,roll,a,a
brown,hair,NA,NA
red,sky,a,a
oil,pot,a,an
wet,water,NA,NA
red,tricycle,a,a
door,step,a,a
purple,bracelet,a,a
video,player,a,a
baby,bee,a,a
boy,bike,a,a
kitchen,window,a,a
yellow,orange,an,a
brown,blanket,a,a
red,van,a,a
hot,roll,a,a
bacon,toast,NA,NA
spinach,dip,a,a
garden,soil,NA,NA
cough,syrup,NA,NA
elephant,garland,a,an
press,office,an,a
passenger,car,a,a
elephant,weight,a,an
purple,cranium,a,a
light,orange,an,a
princess,snack,a,a
secretary,table,a,a
ocean,train,a,an
asteroid,hit,a,an
fat,pig,a,a
bible,road,a,a
yellow,mommy,a,a
hot,rice,NA,NA
dinosaur,artifact,an,a
mommy,cat,a,a
bouncing,ball,a,a
game,marble,a,a
bear,workshop,a,a
upstairs,stair,a,an
pee,pod,a,a
green,red,NA,NA
country,house,a,a
plum,soup,NA,NA
purple,bath,a,a
wet,rug,a,a
hall,lighting,NA,NA
foot,print,a,a
pink,crayon,a,a
crab,line,a,a
dog,walk,a,a
bright,spot,a,a
chocolate,lollipop,a,a
street,shop,a,a
dirty,face,a,a
furry,platypus,a,a
mud,water,NA,NA
picture,wall,a,a
light,flashing,NA,NA
outhouse,door,a,an
microscope,spotlight,a,a
paper,shop,a,a
red,flap,a,a
video,tape,a,a
car,door,a,a
ant,aphid,an,an
art,museum,a,an
thick,gland,a,a
stag,group,a,a
milk,jug,a,a
baby,bird,a,a
singing,drawer,a,a
bathing,suit,a,a
brass,dart,a,a
dressing,table,a,a
red,bed,a,a
purple,window,a,a
spot,check,a,a
bear,teddy,a,a
banana,tree,a,a
dogs,barking,NA,NA
top,drawer,a,a
horse,running,NA,NA
eleven,pound,a,an
fire,officer,an,a
weight,bag,a,a
whisky,ginger,NA,NA
red,string,a,a
icy,mountain,a,an
orange,rain,NA,NA
oatmeal,cookie,a,an
food,company,a,a
wooden,floor,a,a
strawberry,bar,a,a
bear,jump,a,a
banana,mess,a,a
farm,house,a,a
red,tomato,a,a
shop,envelope,an,a
bottom,drawer,a,a
yellow,school,a,a
computer,game,a,a
doggy,tail,a,a
melon,ball,a,a
tea,room,a,a
naked,mole,a,a
bunny,book,a,a
bug,spray,a,a
brown,train,a,a
flower,pot,a,a
scaly,skin,NA,NA
hot,dog,a,a
red,bike,a,a
flat,cheese,NA,NA
stuffed,animal,an,a
diaper,wipe,a,a
night,plane,a,a
yellow,bird,a,a
pop,opera,an,a
tree,house,a,a
dark,leaf,a,a
yellow,mom,a,a
red,street,a,a
pink,hair,NA,NA
man,mum,a,a
fish,jelly,NA,NA
bus,park,a,a
baby,talk,a,a
orange,guy,a,an
thick,mustache,a,a
compost,pile,a,a
press,jacket,a,a
spider,head,a,a
green,tie,a,a
ear,lobe,a,an
back,room,a,a
outside,bird,a,an
kid,driving,NA,NA
gold,coffee,NA,NA
honey,pot,a,a
purple,book,a,a
wedding,day,a,a
moon,rover,a,a
dark,snake,a,a
penny,packet,a,a
car,driver,a,a
plastic,back,a,a
orange,colors,a,an
apple,juicer,a,an
green,mountain,a,a
yellow,hippo,a,a
hot,mama,a,a
red,onion,an,a
cherry,tomato,a,a
doll,house,a,a
giant,puppet,a,a
motor,car,a,a
dark,lounge,a,a
brown,sugar,NA,NA
telephone,ringing,NA,NA
red,pillow,a,a
silver,ship,a,a
hot,sundae,a,a
pink,elephant,an,a
brown,doggie,a,a
yogurt,hair,NA,NA
kids,honey,NA,NA
guy,walking,NA,NA
taller,spoon,a,a
pirate,necklace,a,a
cloudy,day,a,a
pink,towel,a,a
baby,snail,a,a
purple,ring,a,a
tv,company,a,a
sunny,side,a,a
purple,car,a,a
green,monkey,a,a
broken,door,a,a
pink,bear,a,a
home,sign,a,a
plastic,mat,a,a
home,committee,a,a
dinosaur,book,a,a
male,goldfish,a,a
saw,blade,a,a
baby,deer,a,a
vampire,zombie,a,a
monkey,whisper,a,a
bathroom,shop,a,a
panel,radiator,a,a
kitchen,net,a,a
red,horn,a,a
outside,shell,a,an
octopus,show,a,an
racing,pigeon,a,a
green,shamrock,a,a
land,motorway,a,a
pregnant,blond,a,a
yellow,scarf,a,a
track,record,a,a
shovel,scoop,a,a
colors,green,NA,NA
orange,bug,a,an
green,lego,a,a
crease,mark,a,a
green,dish,a,a
baby,hair,NA,NA
gold,plate,a,a
piggy,bank,a,a
sugar,cube,a,a
hay,ride,a,a
pink,flower,a,a
red,rectangle,a,a
squirt,toy,a,a
panel,game,a,a
fridge,freezer,a,a
lock,stock,NA,NA
naked,child,a,a
gold,star,a,a
gold,band,a,a
room,bathroom,a,a
ceiling,tile,a,a
dirty,swine,a,a
trash,yard,a,a
apple,book,a,an
puffin,nose,a,a
tv,day,a,a
light,car,a,a
butterfly,cake,a,a
freeze,popsicle,a,a
girl,boot,a,a
bunny,mask,a,a
goose,mama,a,a
gas,bill,a,a
hot,daddy,a,a
yellow,fuzz,NA,NA
dorsal,fin,a,a
fairy,pony,a,a
singing,voice,a,a
purple,rain,NA,NA
message,machine,a,a
bait,shop,a,a
litter,tray,a,a
stuffed,mushroom,a,a
leather,jacket,a,a
teddy,book,a,a
brown,baby,a,a
guy,dancing,NA,NA
dressing,gown,a,a
apple,feast,a,an
cracker,sandwich,a,a
green,cheese,NA,NA
tiger,costume,a,a
butter,sandwich,a,a
dinosaur,map,a,a
red,apple,an,a
lady,bug,a,a
red,barn,a,a
light,bulb,a,a
cookie,jar,a,a
tool,box,a,a
spiky,fish,a,a
gingerbread,guy,a,a
orange,balloon,a,an
taller,one,a,a
green,doggy,a,a
tooth,mark,a,a
juicy,juice,NA,NA
dust,rag,a,a
day,break,a,a
mitten,tree,a,a
purple,pants,NA,NA
stereo,computer,a,a
purple,red,NA,NA
railway,track,a,a
yellow,roof,a,a
brake,pad,a,a
pink,hat,a,a
back,row,a,a
sleeveless,top,a,a
red,pepper,a,a
elbow,hair,NA,NA
green,egg,an,a
tank,top,a,a
yellow,toe,a,a
lady,car,a,a
robot,head,a,a
shoe,store,a,a
chap,advertising,NA,NA
daddy,fish,a,a
yellow,driver,a,a
dog,dirt,NA,NA
quarter,bag,a,a
top,handle,a,a
choir,boy,a,a
brown,mommy,a,a
paper,bag,a,a
dead,baby,a,a
pink,paper,a,a
hotel,room,a,a
hot,cereal,NA,NA
baby,fish,a,a
ocean,book,a,an
tape,recorder,a,a
suite,room,a,a
purple,edge,an,a
rock,honey,NA,NA
yellow,lady,a,a
metal,door,a,a
telephone,cord,a,a
tail,piece,a,a
garden,hose,a,a
water,boil,a,a
cotton,lining,a,a
red,berry,a,a
dolly,clothes,NA,NA
top,tooth,a,a
raisin,cookie,a,a
purple,mom,a,a
bubble,bath,a,a
exit,entrance,an,an
bear,home,a,a
smiley,sticker,a,a
slippery,leg,a,a
hot,strawberry,a,a
giant,dragon,a,a
pear,yogurt,NA,NA
red,honey,NA,NA
shoe,wax,NA,NA
