adjective,noun,article,adj_article,gpt3_judgment
fruit,tree,a,a,Sometimes
note,card,a,a,Sometimes
yellow,screw,a,a,Rarely
hash,brown,,,Almost always
sugar,plum,a,a,Rarely
potato,skin,,,Rarely
chamber,pot,a,a,Rarely
orange,beak,a,an,Rarely
fairy,lady,a,a,Rarely.
rice,milk,,,Rarely
grape,juice,,,Sometimes
round,edge,an,a,Sometimes
water,fountain,a,a,Almost always
office,chair,a,an,Often
foot,pool,a,a,Never
yellow,tube,a,a,Rarely
yellow,knight,a,a,Rarely
day,pastor,a,a,Sometimes
whale,squirt,a,a,Never
pink,paint,,,Rarely
cookie,sandwich,a,a,Rarely
giant,truck,a,a,Rarely
flower,bed,a,a,Rarely
yellow,wheel,a,a,Rarely
dark,side,a,a,Rarely.
gold,balloon,a,a,Rarely
lemon,soda,,,Sometimes
purple,stage,a,a,Rarely
cream,cake,a,a,Often
puppy,food,,,Never
baby,heart,a,a,Never
smiley,ball,a,a,Often
gold,guy,a,a,Rarely.
varnish,stripper,a,a,Never
purple,square,a,a,Almost always.
red,phone,a,a,Rarely
brown,pumpkin,a,a,Almost always
flower,petal,a,a,Almost always.
instrument,panel,a,an,Almost always
giant,saucer,a,a,Rarely
face,painting,a,a,Rarely
curve,piece,a,a,Sometimes
raisin,bun,a,a,Sometimes
milk,bar,a,a,Rarely
pink,diamond,a,a,Rarely
back,window,a,a,Rarely
apple,green,,,Often
outside,edge,an,an,Almost always
string,puppet,a,a,Sometimes
green,tower,a,a,Rarely
rolling,ball,a,a,Almost always
rain,storm,a,a,Often
green,popsicle,a,a,Sometimes
hot,pants,,,Never
light,lunch,a,a,Sometimes
light,ball,a,a,Sometimes
hammer,fork,a,a,Never
farm,game,a,a,Sometimes
caterpillar,walking,,,Never
wet,day,a,a,Often
red,roof,a,a,Rarely
pink,collar,a,a,Rarely
top,coat,a,a,Often
bear,walking,,,Almost always
flower,box,a,a,Rarely
kid,cartoon,a,a,Almost always
yellow,paper,a,a,Rarely
skating,girl,a,a,Sometimes
dead,brother,a,a,Never.
lady,song,a,a,Sometimes
pink,ear,an,a,Never
cookie,dough,,,Almost always
light,green,,,Sometimes
edge,piece,a,an,Almost always
computer,scientist,a,a,Sometimes
orange,star,a,an,Sometimes
farmer,lady,a,a,Sometimes
troll,bridge,a,a,Rarely
fire,truck,a,a,Almost always
slate,mine,a,a,Rarely
brown,barn,a,a,Almost always.
gold,game,a,a,Almost always
police,car,a,a,Often
tan,lotion,,,Sometimes
rectangle,diamond,a,a,Rarely
baby,basket,a,a,Rarely
broken,piece,a,a,Rarely.
thick,person,a,a,Often
fish,book,a,a,Rarely
purple,lollipop,a,a,Rarely
hot,pot,a,a,Almost always
hall,servant,a,a,Often
crispy,piece,a,a,Often
dictionary,writer,a,a,Rarely
thick,sandwich,a,a,Often
square,block,a,a,Almost always
puppy,dog,a,a,Almost always
farmer,truck,a,a,Rarely
yellow,baby,a,a,Never
hot,plastic,,,Never
hot,mommy,a,a,Rarely.
mud,puddle,a,a,Often
arcade,music,,,Sometimes
green,field,a,a,Often
cocktail,side,a,a,Sometimes
telephone,box,a,a,Never
quarter,inch,an,a,Almost always
coffee,cake,a,a,Sometimes
picnic,meal,a,a,Sometimes
ice,tea,,,Often
baby,spoon,a,a,Often
yellow,page,a,a,Rarely
crystal,cave,a,a,Rarely
light,wood,,,Often
green,finger,a,a,Never
block,building,a,a,Often
baby,doll,a,a,Almost always
elephant,trumpeting,,,Almost Always
yellow,rain,,,Never
yard,clipping,a,a,Rarely
back,garden,a,a,Often
green,path,a,a,Often
red,cutter,a,a,Rarely
snow,ninja,a,a,Rarely
nose,guy,a,a,Rarely.
airplane,ride,a,an,Sometimes
fish,jump,a,a,Never
green,overalls,,,Often
stump,grinder,a,a,Rarely
singing,mama,a,a,Often
pink,clothes,,,Sometimes
dirty,hand,a,a,Often
drum,stick,a,a,Never
bear,cave,a,a,Rarely
green,pants,,,Rarely
hot,bun,a,a,Sometimes
pink,satin,,,Often
daddy,ear,an,a,Never
varnish,paint,,,Often
silver,car,a,a,Often
giant,puzzle,a,a,Rarely
red,pot,a,a,Sometimes
guy,wizard,a,a,Almost always
red,door,a,a,Rarely
picture,frame,a,a,Often
infant,teacher,a,an,Rarely
lizard,mom,a,a,Never
lion,dung,,,Never
orange,nose,a,an,Never
puzzle,pile,a,a,Rarely
hot,fire,,,Always
iron,sword,a,an,Often
gold,map,a,a,Rarely
grandfather,clock,a,a,Rarely
whisky,drop,a,a,Rarely
paint,brush,a,a,Often
solid,rain,,,Almost always
human,body,a,a,Almost always
dead,plant,a,a,Never
tea,cup,a,a,Often
dirty,blanket,a,a,Rarely
chip,machine,a,a,Rarely
leopard,seal,a,a,Rarely
baby,leaf,a,a,Rarely
yellow,circle,a,a,Sometimes
food,chain,a,a,Often
fire,exit,an,a,Almost always.
mutant,peacock,a,a,Rarely
red,drum,a,a,Rarely.
yellow,parrot,a,a,Often
dirty,plate,a,a,Sometimes
round,track,a,a,Almost always.
slippery,sock,a,a,Rarely
baby,dog,a,a,Almost Always
paw,print,a,a,Sometimes
red,towel,a,a,Sometimes
guy,robot,a,a,Rarely
red,stripe,a,a,Often
dirty,pants,,,Rarely.
red,track,a,a,Rarely
meteor,crater,a,a,Often
carpet,shop,a,a,Sometimes
green,candy,,,Rarely
thorn,bush,a,a,Often
hand,bag,a,a,Often
yellow,line,a,a,Rarely
green,frosting,,,Sometimes
square,pan,a,a,Often
pointy,tree,a,a,Rarely
purple,necklace,a,a,Sometimes
cotton,candy,,,Almost Always
top,hat,a,a,Rarely
potato,plant,a,a,Sometimes
color,popsicle,a,a,Often
red,hole,a,a,Never
wall,clock,a,a,Often
tea,pot,a,a,Often
frog,toy,a,a,Sometimes
blooming,herb,a,a,Sometimes
bottom,shelf,a,a,Often
cup,cake,a,a,Often
pink,brush,a,a,Rarely
purple,boot,a,a,Rarely
fruit,snack,a,a,Often
brown,coffee,,,Almost always
yellow,sleeve,a,a,Rarely
umbrella,handle,a,an,Almost always.
purple,tower,a,a,Rarely
hot,cocoa,,,Almost always
animal,cracker,a,an,Rarely
broken,bridge,a,a,Rarely
kid,scissors,,,Rarely
dog,book,a,a,Sometimes
furnishings,gift,a,a,Sometimes
man,face,a,a,About half the time.
light,horse,a,a,Often
phone,ring,a,a,Sometimes
red,top,a,a,Often
kids,block,a,a,Almost always
giant,mess,a,a,Almost always.
rolling,robot,a,a,Sometimes
elephant,eye,an,an,Never
lounge,window,a,a,Rarely
green,strawberry,a,a,Rarely.
oven,door,a,an,Never
dirty,girl,a,a,Rarely.
camera,man,a,a,Sometimes
maple,syrup,,,Almost always
pink,dinosaur,a,a,Rarely.
traffic,jam,,,Never
mail,card,a,a,Sometimes
rope,ladder,a,a,Rarely
broken,cracker,a,a,Rarely
wooden,button,a,a,Rarely
flat,edge,an,a,Almost Always
kid,toy,a,a,Almost always
milk,man,a,a,Rarely.
dancing,troop,a,a,Sometimes
sinus,infection,an,a,Sometimes
back,yard,a,a,Often
arm,pit,a,an,Almost always
guy,talking,,,Sometimes
day,game,a,a,Sometimes
photo,album,an,a,Almost always
outside,guy,a,an,Sometimes
spaghetti,meatball,a,a,Almost always
kitchen,sink,a,a,Almost Always
corner,piece,a,a,Almost always
purple,octagon,an,a,Rarely
diving,board,a,a,Almost always
garden,worm,a,a,Often
bright,star,a,a,Often
patio,door,a,a,Often
brown,eye,an,a,Often
banana,bread,,,Rarely
enamel,shell,a,an,Rarely
furry,tummy,a,a,Never
solar,eclipse,an,a,Almost always
purple,flower,a,a,Often
drop,curtain,a,a,Rarely.
bull,frog,a,a,Often
purple,purse,a,a,Sometimes
video,camera,a,a,Almost always.
orange,animal,an,an,Rarely
rag,doll,a,a,Often
yellow,sun,,,Always
clothes,hamper,a,a,Almost always
cookie,cutter,a,a,Often
green,bow,a,a,Sometimes
plastic,card,a,a,Almost always
giant,shoe,a,a,Never
pink,pipe,a,a,Rarely
orange,skittle,a,an,Often
head,louse,a,a,Almost always
purple,candy,,,Rarely
orange,square,a,an,Sometimes
cooker,gas,,,Often
locked,closet,a,a,Rarely
red,ant,an,a,Sometimes
box,office,an,a,Never
orange,frog,a,an,Rarely
mop,head,a,a,Never
puppy,doggy,a,a,Almost Always
tool,repair,a,a,Sometimes
color,page,a,a,Almost always
hip,bone,a,a,Almost always.
red,ladybug,a,a,Almost always.
red,wheel,a,a,Rarely
purple,bat,a,a,Rarely
cake,shop,a,a,Often
picture,hook,a,a,Often
crusty,roll,a,a,Often
bright,tail,a,a,Rarely
daddy,gorilla,a,a,Rarely
ladies,toilet,a,a,Almost Always
gravel,pile,a,a,Rarely.
dog,stand,a,a,Never
clock,piece,a,a,Almost Always
yellow,shirt,a,a,Often
velvety,horse,a,a,Rarely
purple,cabbage,a,a,Often
dirty,mouth,a,a,Rarely
top,trainer,a,a,Often
birth,present,a,a,Sometimes
dark,sky,a,a,Often
coffee,milk,,,Never
baby,bounce,a,a,Almost always
scar,scar,a,a,Almost always.
battery,drawer,a,a,Never
circus,truck,a,a,Rarely
room,table,a,a,Almost always
boa,constrictor,a,a,Almost always
car,transporter,a,a,Often
bleeding,finger,a,a,Never.
human,head,a,a,Almost always
ball,bounce,a,a,Almost always
yellow,light,a,a,Often
tree,trunk,a,a,Almost always
ball,bearing,,,Almost always
sweat,gland,a,a,Often
call,line,a,a,Almost always
bin,liner,a,a,Often
red,brush,a,a,Sometimes
digger,truck,a,a,Rarely
shovel,honey,,,Almost always
cheese,pie,a,a,Often
night,spider,a,a,Often
store,lady,a,a,Sometimes
teddy,bear,a,a,Never
medication,honey,,,Sometimes
school,book,a,a,Sometimes.
goldfish,day,a,a,Never
toy,boy,a,a,Never
pink,girl,a,a,Sometimes
people,town,a,a,Sometimes
worm,soup,,,Rarely
pink,worm,a,a,Rarely
egg,shell,a,an,Almost always
baby,song,a,a,Sometimes
furry,face,a,a,Never
brown,mountain,a,a,Sometimes
red,coloring,,,Almost always.
patio,barbecue,a,a,Often
blonde,hair,,,Often
top,lid,a,a,Almost always.
wooden,reel,a,a,Rarely
iron,leg,a,an,Never
baby,crayon,a,a,Rarely
train,line,a,a,Often
birth,day,a,a,Almost always
doctor,kit,a,a,Rarely
door,key,a,a,Often
bus,fare,a,a,Often
solid,piece,a,a,Almost always
fish,soup,,,Rarely
princess,bed,a,a,Rarely
top,edge,an,a,Almost Always
turkey,sandwich,a,a,Often
timer,switch,a,a,Often
red,mouse,a,a,Rarely
green,garbage,,,Never
wet,bird,a,a,Sometimes
yellow,pepper,a,a,Sometimes
dalmatian,dog,a,a,Often
red,fence,a,a,Rarely
daddy,pirate,a,a,Rarely
brown,clump,a,a,Often
red,airplane,an,a,Rarely
military,police,,,Rarely
red,orange,an,a,Rarely.
bear,hunt,a,a,Rarely
red,triangle,a,a,Sometimes
gas,station,a,a,Almost Always
pink,flamingo,a,a,Almost always
yellow,tree,a,a,Rarely
satellite,dish,a,a,Never
cigar,smoking,,,Rarely
dance,music,,,Sometimes
candy,bar,a,a,Often
egg,box,a,an,Often
sand,box,a,a,Never
pet,cage,a,a,Often
yellow,coral,,,Sometimes
dark,hair,,,Often
vegetable,oil,,,Often
green,picture,a,a,Rarely
green,baby,a,a,Never
pant,leg,a,a,Almost always
hedge,cutter,a,a,Often
beef,hash,a,a,Almost always
plastic,box,a,a,Often
green,nose,a,a,Never
brown,sauce,,,Often
yellow,coloring,,,Often
hot,lunch,a,a,Often
fish,stall,a,a,Rarely
wire,sandwich,a,a,Never
bright,color,a,a,Often
bathroom,window,a,a,Rarely
hot,ride,a,a,Sometimes
tub,seat,a,a,Sometimes
draw,picture,a,a,Sometimes
water,pipe,a,a,Almost always
safari,hat,a,a,Rarely
hot,seat,a,a,Rarely
top,step,a,a,Almost always.
spider,ring,a,a,Rarely
bottom,corner,a,a,Almost always.
cotton,ball,a,a,Never
record,button,a,a,Sometimes
doll,baby,a,a,Never
cat,product,a,a,Rarely
rusty,bucket,a,a,Rarely
gun,runner,a,a,Never
washing,machine,a,a,Almost always.
naked,butt,a,a,Never
cabbage,leaf,a,a,Rarely
dirty,sock,a,a,Often
karate,chop,a,a,Rarely
yard,tent,a,a,Rarely
goat,boy,a,a,Never
father,duck,a,a,Often
pink,rattle,a,a,Rarely
witch,hair,,,Rarely
crane,station,a,a,Rarely
toy,store,a,a,Often
dark,ball,a,a,Rarely
pink,corner,a,a,Rarely
truck,piece,a,a,Sometimes
red,jumper,a,a,Often
pink,dot,a,a,Rarely
money,card,a,a,Often
teapot,water,,,Never
chocolate,cake,a,a,Often
person,game,a,a,Almost Always
sea,urchin,an,a,Often
red,broccoli,,,Never
bus,ticket,a,a,Often.
rock,pool,a,a,Rarely
red,dragon,a,a,Almost always
movie,camera,a,a,Sometimes
flat,mouth,a,a,Rarely.
salmon,leaping,a,a,Rarely
outside,person,a,an,Sometimes
tin,tray,a,a,Rarely
hand,glove,a,a,Almost always
scout,group,a,a,Often
guy,beard,a,a,Almost always.
silver,beard,a,a,Rarely
smoke,stack,a,a,Never
rain,glasses,,,Rarely
zucchini,plant,a,a,Sometimes
purple,bud,a,a,Rarely
cash,till,a,a,Almost always
pink,dragon,a,a,Rarely
girl,case,a,a,Almost always
orange,cutter,a,an,Rarely.
kitchen,door,a,a,Sometimes
pear,skin,,,Sometimes
dirty,hamper,a,a,Often
orange,sunset,a,an,Often
hot,wood,,,Never
dirty,penny,a,a,Often
dirty,cup,a,a,Rarely.
apple,oatmeal,,,Rarely
olive,green,,,Often
pear,juice,,,Sometimes
water,spout,a,a,Almost Always
bacon,crisp,a,a,Never
knife,edge,an,a,Often
green,crunch,a,a,Rarely
doggy,bone,a,a,Almost always
yellow,eye,an,a,Rarely.
yellow,apple,an,a,Often
farm,channel,a,a,Rarely
boy,seat,a,a,Never
machine,chap,a,a,Never
eye,ball,a,an,Never
thick,branch,a,a,Sometimes
sunny,path,a,a,Often
back,step,a,a,Rarely
brown,tail,a,a,Often
gravel,border,a,a,Rarely
pink,tights,,,Sometimes
store,room,a,a,Rarely.
frog,outfit,an,a,Rarely
yellow,hay,,,Often
red,strawberry,a,a,Almost always
dead,turtle,a,a,Never
inch,square,a,an,Always
shell,suit,a,a,Never
honey,doll,a,a,Rarely
ceiling,rose,a,a,Never
baby,meat,,,Rarely
flat,surface,a,a,Almost always
fat,head,a,a,Never
circus,officer,an,a,Never
sweet,baby,a,a,Almost Always
purple,grape,a,a,Almost always
pencil,eraser,an,a,Almost always
tie,back,a,a,Rarely
massage,table,a,a,Rarely
orange,leaf,a,an,Rarely
sand,sheep,a,a,Rarely
red,side,a,a,Sometimes
red,caboose,a,a,Almost always
pink,window,a,a,Rarely
sweet,pea,a,a,Rarely.
orange,angelfish,an,an,Sometimes
cork,tile,a,a,Rarely
bleeding,head,a,a,Never
brown,fur,,,Often
mommy,elephant,an,a,Almost always.
daddy,glasses,,,Rarely
round,tree,a,a,Rarely.
red,bear,a,a,Rarely
laundry,basket,a,a,Often
egg,white,,,Almost always
peacock,body,a,a,Rarely
green,plant,a,a,Almost always
dead,worm,a,a,Never
dog,food,,,Never
wine,sherry,,,Almost Always
swimming,guy,a,a,Sometimes
sign,gate,a,a,Rarely
animal,magazine,a,an,Rarely
furry,fuzzy,a,a,Almost always.
dinosaur,hunt,a,a,Never
food,shopping,,,Often
draw,bridge,a,a,Rarely
bath,door,a,a,Almost always
triangle,piece,a,a,Almost always
baby,brother,a,a,Sometimes
purple,boxcar,a,a,Never
broken,arm,an,a,Rarely.
sickle,cell,a,a,Almost always
snow,boot,a,a,Often
orange,heart,a,an,Never
hot,chicken,a,a,Rarely
ash,tray,a,an,Never
radio,cassette,a,a,Rarely
gold,reindeer,a,a,Never
unbuttoned,jacket,a,an,Rarely
cigar,box,a,a,Rarely
frozen,water,,,Almost always.
red,fruit,a,a,Often
yellow,drum,a,a,Rarely.
lighter,hair,,,Often
mashed,potato,a,a,Often
oat,porridge,,,Often
festival,company,a,a,Sometimes
flat,piece,a,a,Almost always
college,downtown,a,a,Sometimes
pony,tail,a,a,Never
giant,thorn,a,a,Rarely
sunny,spot,a,a,Often
orange,pants,,,Rarely
vanilla,chocolate,,,Almost always
cheese,pizza,,,Almost always
circus,animal,an,a,Rarely.
plastic,circle,a,a,Often
chicken,dance,a,a,Sometimes
chicken,finger,a,a,Never
green,piece,a,a,Sometimes
green,salad,a,a,Often
brown,grey,,,Never
tea,bag,a,a,Never
top,floor,a,a,Almost always
dinosaur,movie,a,a,Sometimes
pink,lollypop,a,a,Often
fish,food,,,Sometimes
night,shirt,a,a,Rarely.
puppy,mom,a,a,Often
purple,sand,,,Rarely
yellow,train,a,a,Rarely
pepperoni,pizza,,,Often
yellow,leaf,a,a,Sometimes
mommy,deer,a,a,Often
ear,plug,a,an,Almost always.
bird,box,a,a,Rarely.
back,bedroom,a,a,Rarely.
food,pea,a,a,Often
adult,alligator,an,an,Almost always
broken,foot,a,a,Rarely.
soccer,player,a,a,Often
garbage,feast,a,a,Rarely.
red,cake,a,a,Rarely
wet,soaking,a,a,Almost always
bear,boob,a,a,Never
dam,bush,a,a,Rarely.
dead,guy,a,a,Never
face,pumpkin,a,a,Sometimes
primrose,oil,,,Never
top,bunk,a,a,Often
red,popsicle,a,a,Often
daddy,tape,a,a,Never
land,horse,a,a,Almost always
dog,collar,a,a,Often
turtle,tank,a,a,Often
yellow,key,a,a,Rarely
night,light,a,a,Often
book,honey,,,Never
top,gear,a,a,Almost always
pink,bird,a,a,Rarely
alloy,wheel,a,an,Often
brown,leaf,a,a,Sometimes
test,barometer,a,a,Never
baby,book,a,a,Sometimes
plum,pudding,,,Rarely
press,record,a,a,Often
green,apple,an,a,Often
workshop,downtown,a,a,Rarely
boy,voice,a,a,Sometimes
dirty,fox,a,a,Rarely
property,market,a,a,Sometimes
washing,powder,,,Almost always.
block,cheese,,,Often
pink,tube,a,a,Rarely
train,fare,a,a,Often
dead,obituary,an,a,Always
snow,man,a,a,Never
farmer,overalls,,,Often
roast,beef,,,Often
ironing,board,a,an,Rarely
broken,string,a,a,Rarely
wine,glasses,,,Sometimes
birth,date,a,a,Almost always
bottom,one,a,a,Never
spider,monkey,a,a,Often
farm,puppet,a,a,Rarely
wash,room,a,a,Almost always.
red,ball,a,a,Often.
dust,wagon,a,a,Rarely
gold,fish,a,a,Often
burnt,finger,a,a,Rarely
horse,box,a,a,Never
mummy,shout,a,a,Never
velcro,latch,a,a,Rarely
curb,stone,a,a,Rarely
batter,box,a,a,Never
trash,call,a,a,Rarely.
brown,patch,a,a,Sometimes
dust,ball,a,a,Rarely
toy,bus,a,a,Rarely
ginger,man,a,a,Rarely.
wood,sculpture,a,a,Sometimes
red,bug,a,a,Sometimes
baby,chair,a,a,Rarely
brick,fireplace,a,a,Often
candy,piece,a,a,Almost always
turkey,leg,a,a,Never
red,bucket,a,a,Rarely
pencil,box,a,a,Often
fat,fryer,a,a,Often
band,man,a,a,Rarely
spray,bottle,a,a,Often
unbuttoned,pants,,,Never
dirty,mama,a,a,Never
hot,curry,a,a,Often
red,piranha,a,a,Rarely
bear,family,a,a,Never
daddy,face,a,a,Rarely
yogurt,pudding,,,Sometimes
diaper,check,a,a,Never
mud,truck,a,a,Often
fish,shop,a,a,Often
mountain,bike,a,a,Often
exit,sign,a,an,Almost always
purple,food,,,Rarely
baby,cub,a,a,Almost always
food,restaurant,a,a,Almost always
bath,tub,a,a,Almost always
baseball,game,a,a,Often
treasure,chest,a,a,Rarely
red,bird,a,a,Sometimes
sweet,gift,a,a,Often
yellow,piece,a,a,Sometimes
dirty,piggy,a,a,Rarely
hot,soup,,,Almost always.
yellow,flower,a,a,Often
plastic,heron,a,a,Never
dark,bikini,a,a,Sometimes
garbage,collector,a,a,Rarely
hot,flaming,,,Always
light,hair,,,Often
back,corner,a,a,Sometimes
green,stripe,a,a,Sometimes
slippery,ice,,,Almost always
fat,boy,a,a,Sometimes
taller,bed,a,a,Often
color,paper,a,a,Rarely
bubble,container,a,a,Sometimes
tan,wig,a,a,Rarely
red,gecko,a,a,Rarely
red,puppy,a,a,Sometimes
brown,ant,an,a,Almost always
sweet,onion,an,a,Rarely
baby,worm,a,a,Rarely
water,swim,a,a,Almost always
fat,worm,a,a,Rarely
intercom,beep,a,an,Almost always
alarm,clock,a,an,Often
color,paint,,,Almost always
cotton,shirt,a,a,Often
hot,tot,a,a,Never
cauliflower,pea,a,a,Never
hot,wash,a,a,Often
ostrich,egg,an,an,Rarely
silver,green,,,Rarely
board,tile,a,a,Sometimes
pink,violet,a,a,Sometimes
dirty,nose,a,a,Rarely.
ant,path,a,an,Rarely
pumpkin,head,a,a,Never
quarter,teaspoon,a,a,Almost always
bright,paper,a,a,Rarely
heart,beat,a,a,Almost always
red,road,a,a,Never
hot,onion,an,a,Never
orange,bead,a,an,Sometimes
shaking,ball,a,a,Sometimes
orange,dinosaur,a,an,Rarely
daddy,bird,a,a,Rarely
green,marker,a,a,Often
daddy,rooster,a,a,Rarely
kitchen,table,a,a,Often
mackerel,fishing,,,Sometimes
green,pig,a,a,Never
top,tap,a,a,Almost always
pumpkin,farm,a,a,Sometimes
orange,tummy,a,an,Never
red,button,a,a,Sometimes
yellow,bowl,a,a,Sometimes
bottom,oven,an,a,Almost always
blowing,wind,,,Often
tiger,picture,a,a,Sometimes
street,sweeper,a,a,Often
entrance,door,a,an,Almost always
water,table,a,a,Never
rocket,shot,a,a,Rarely
beef,sandwich,a,a,Often
detective,show,a,a,Sometimes
pumpkin,pie,a,a,Often
green,moose,a,a,Rarely
orange,cat,a,an,Often
yellow,tongue,a,a,Rarely
purple,top,a,a,Sometimes
salmon,salad,a,a,Rarely
purple,captain,a,a,Never
bright,pink,,,Almost always
clown,hair,,,Rarely
report,card,a,a,Almost always
rainy,day,a,a,Sometimes
airline,pilot,a,an,Almost always
school,boy,a,a,Often
dragon,game,a,a,Sometimes
football,match,a,a,Almost Always
green,wreath,a,a,Often
molasses,swamp,a,a,Rarely
pink,rose,a,a,Often
home,daddy,a,a,Often
cutting,edge,an,a,Often
purple,eye,an,a,Rarely
green,kitty,a,a,Rarely
rail,ticket,a,a,Often
hay,cart,a,a,Rarely
wooden,platter,a,a,Sometimes
round,spot,a,a,Often
garden,furniture,,,Rarely
bar,bell,a,a,Almost Always
worm,belly,a,a,Never
pastel,pink,,,Often
prawn,sandwich,a,a,Rarely.
cabbage,plant,a,a,Sometimes
clock,tower,a,a,Often
sleeping,policeman,a,a,Never
thick,player,a,a,Rarely.
dog,beach,a,a,Rarely
fish,cracker,a,a,Never
outside,tap,a,an,Rarely.
bubble,gum,a,a,Often
letter,tile,a,a,Never
purple,spaghetti,,,Never
farmer,guy,a,a,Sometimes
cut,grass,,,Often
croquet,stroke,a,a,Never
hay,cookie,a,a,Rarely
green,ornament,an,a,Sometimes
water,tower,a,a,Rarely
plant,pot,a,a,Often
fat,roll,a,a,Almost always
brown,coconut,a,a,Almost always
purple,shoe,a,a,Rarely
giant,boy,a,a,Never
green,pepper,a,a,Often
purple,tail,a,a,Never
ogre,lady,a,an,Never
bow,colors,a,a,Sometimes
cross,bun,a,a,Often
red,punch,a,a,Rarely
pink,heart,a,a,Never
cat,scratching,,,Almost always.
peppermint,candy,,,Often
dirty,baby,a,a,Never
brown,mud,,,Almost always
food,board,a,a,Never
slot,machine,a,a,Almost Always
yellow,door,a,a,Rarely
dirty,diaper,a,a,Almost Always
roast,potato,a,a,Often
red,handle,a,a,Rarely
water,drip,a,a,Almost always
puppet,show,a,a,Rarely
yellow,bucket,a,a,Sometimes
yellow,banana,a,a,Almost always
pink,tutu,a,a,Often.
solar,battery,a,a,Rarely
ice,cream,,,Almost always
sugar,dough,,,Rarely
barbecue,recipe,a,a,Sometimes
orange,flag,a,an,Rarely
bunny,sleep,,,Never
box,toy,a,a,Sometimes
dirt,road,a,a,Rarely
orange,dot,a,an,Rarely.
tape,player,a,a,Never
broken,egg,an,a,Rarely
daddy,foot,a,a,Never
mommy,chin,a,a,Never
green,coat,a,a,Sometimes
night,moon,a,a,Almost always
brown,suite,a,a,Rarely
giant,committee,a,a,Rarely
sweet,honey,,,Almost always
school,room,a,a,Sometimes
giant,skyscraper,a,a,Often
trash,book,a,a,Rarely
top,row,a,a,Almost always
pink,coat,a,a,Rarely
mud,pile,a,a,Rarely
mommy,worm,a,a,Never
farm,cat,a,a,Rarely
crayon,pile,a,a,Never
green,melon,a,a,Almost always
aloe,plant,a,an,Almost always
icy,coast,a,an,Rarely
refrigerator,door,a,a,Never
baby,pig,a,a,Often
fire,grate,a,a,Often
yellow,flag,a,a,Rarely
baby,wipe,a,a,Almost always
engine,train,a,an,Almost always
fuzzy,peach,a,a,Often
dirty,straw,a,a,Rarely.
bleach,water,,,Never
fishing,pole,a,a,Often
snow,shovel,a,a,Often
oven,top,a,an,Almost always
yellow,reindeer,a,a,Never
red,man,a,a,Never
girl,doctor,a,a,Almost always.
fat,doctor,a,a,Rarely
brain,rot,,,Never
red,hand,a,a,Never
fat,face,a,a,Rarely
knee,joint,a,a,Often
food,processor,a,a,Never
committee,report,a,a,Sometimes
dirty,one,a,a,Never.
green,hoop,a,a,Rarely
wet,washing,,,Almost always
top,oven,an,a,Often
strawberry,juice,,,Sometimes
cheddar,cracker,a,a,Often
slipper,sock,a,a,Sometimes
capital,letter,a,a,Almost always
ground,almond,an,a,Almost always
vanilla,pudding,,,Almost always
shower,tray,a,a,Almost always.
tracksuit,bottom,a,a,Sometimes
dirty,park,a,a,Sometimes
green,door,a,a,Rarely
sweet,boy,a,a,Often
red,reindeer,a,a,Rarely
red,train,a,a,Sometimes
broken,leg,a,a,Rarely.
brown,gravy,,,Almost always
smoke,salmon,,,Often
cigarette,carton,a,a,Never
brass,drum,a,a,Rarely
baby,booty,a,a,Never
dirty,shirt,a,a,Rarely.
purple,triangle,a,a,Rarely
bright,moonlight,,,Often
icecream,scoop,a,an,Almost always.
sliced,cheese,,,Often
sweet,cocoa,,,Almost Always
van,window,a,a,Never
bunny,clothes,,,Rarely.
orange,tail,a,an,Rarely
bead,string,a,a,Often
mirror,piece,a,a,Almost always
yellow,guy,a,a,Never
food,bowl,a,a,Almost always.
red,foot,a,a,Never
bird,nest,a,a,Often
color,clothes,,,Almost Always
elephant,puzzle,a,an,Rarely
window,frame,a,a,Often
pink,snail,a,a,Rarely
blind,mom,a,a,Rarely
teddy,workshop,a,a,Rarely
rabbit,stew,a,a,Rarely
purple,horn,a,a,Never
puzzle,book,a,a,Rarely
farm,animal,an,a,Often
tiger,baby,a,a,Never
wet,whisker,a,a,Sometimes
tube,company,a,a,Rarely
steel,worker,a,a,Sometimes
yellow,brush,a,a,Rarely
orange,leg,a,an,Never
green,spider,a,a,Rarely
jump,rope,a,a,Often
bright,beak,a,a,Sometimes
brown,path,a,a,Sometimes
naked,person,a,a,Never
furry,bear,a,a,Almost always
green,cactus,a,a,Almost always
soldier,crab,a,a,Rarely
purple,turtle,a,a,Rarely
plastic,metal,,,Never
juicy,meat,a,a,Often
yellow,rake,a,a,Rarely
pink,pig,a,a,Often
mama,elephant,an,a,Often
baby,sock,a,a,Often
green,shell,a,a,Sometimes
room,clock,a,a,Often
fish,skeleton,a,a,Never
mutton,head,a,a,Never
strawberry,color,a,a,Sometimes
chicken,coop,a,a,Almost always
curtain,ring,a,a,Rarely
manor,ground,,,Never
hill,riding,,,Sometimes
paddle,wheel,a,a,Never
country,mouse,a,a,Rarely
purple,saber,a,a,Rarely
red,kite,a,a,Sometimes
baby,monkey,a,a,Almost always.
rubber,book,a,a,Never
sun,block,a,a,Almost always
mantel,fire,,,Never
porcelain,doll,a,a,Rarely
cut,dude,a,a,Often
quarter,moon,a,a,Sometimes
pink,pickle,a,a,Rarely
silver,packet,a,a,Never
bear,cub,a,a,Almost always
broken,tv,a,a,Rarely
poison,apple,an,a,Never
stroller,baby,a,a,Almost always
solid,path,a,a,Almost always
top,penthouse,a,a,Almost always
red,planet,a,a,Rarely
cookie,day,a,a,Rarely
noodle,soup,,,Sometimes
television,actress,an,a,Often
solid,line,a,a,Almost always
baby,raccoon,a,a,Sometimes
frame,chip,a,a,Rarely
bright,punch,a,a,Rarely
yellow,saddle,a,a,Rarely
mommy,doggie,a,a,Rarely
cinnamon,roll,a,a,Often
foot,ball,a,a,Almost always
puzzle,maker,a,a,Sometimes
purple,teddy,a,a,Rarely
room,slipper,a,a,Often
wood,cylinder,a,a,Rarely
pink,scooter,a,a,Rarely
manual,gear,a,a,Often
concrete,floor,a,a,Often
yellow,mouth,a,a,Never
plant,debris,,,Rarely.
shield,brooch,a,a,Rarely
outside,soccer,,,Often
upstairs,sleeping,,,Almost always.
ladybug,toy,a,a,Sometimes
tonic,glass,a,a,Rarely
fish,pie,a,a,Never
purple,bug,a,a,Rarely
red,jacket,a,a,Often
flower,piece,a,a,Sometimes
tissue,paper,a,a,Rarely
city,mouse,a,a,Rarely
dark,shadow,a,a,Almost always
green,toy,a,a,Sometimes
wet,bucket,a,a,Often
sister,game,a,a,Rarely
bottom,hair,,,Rarely.
frog,book,a,a,Never
juicy,worm,a,a,Never
diving,dummy,a,a,Never
purple,flag,a,a,Rarely
snow,tiger,a,a,Rarely
dark,tunnel,a,a,Often
umbrella,tree,a,an,Rarely
fuzzy,bone,a,a,Never
glass,slipper,a,a,Never
dinosaur,hunter,a,a,Never
shop,book,a,a,Rarely
sister,church,a,a,Rarely
color,block,a,a,Often
baby,person,a,a,Never
dark,chap,a,a,Rarely
green,bone,a,a,Never
ocean,world,a,an,Rarely
wet,man,a,a,Never
purple,guy,a,a,Never
broken,pen,a,a,Rarely.
solid,hedge,a,a,Almost always
green,bag,a,a,Sometimes
fish,hook,a,a,Often
yellow,glasses,,,Rarely
sea,horse,a,a,Never
wooden,table,a,a,Often
yellow,sheet,a,a,Rarely
jet,engine,an,a,Almost always
night,star,a,a,Often
color,grey,,,Always
country,lane,a,a,Sometimes
orange,rock,a,an,Rarely
bank,account,an,a,Almost always
train,table,a,a,Never
dead,dad,a,a,Never
group,secretary,a,a,Sometimes
basket,game,a,a,Sometimes
yellow,girl,a,a,Never
mucus,sack,a,a,Never
dirty,tank,a,a,Rarely.
brown,bag,a,a,Sometimes
marble,hearth,a,a,Rarely
box,cooler,a,a,Almost always
movie,puppet,a,a,Sometimes
cigarette,smoke,,,Never
dinosaur,leg,a,a,Never
green,glove,a,a,Rarely
baby,nose,a,a,Sometimes
dead,battery,a,a,Never.
car,mat,a,a,Rarely
dead,ant,an,a,Never
lemon,chicken,a,a,Rarely
giant,bomb,a,a,Never
round,cracker,a,a,Often
brown,person,a,a,Almost always.
library,ticket,a,a,Rarely
lobster,pot,a,a,Rarely
brown,writing,,,Never
round,scissors,,,Never
red,tape,a,a,Rarely
bunny,ear,an,a,Never
baby,rabbit,a,a,Often
school,report,a,a,Often
red,puck,a,a,Never
green,uniform,a,a,Often
top,line,a,a,Almost always.
wax,coat,a,a,Sometimes
rocky,truck,a,a,Rarely
yellow,hand,a,a,Never
giant,caterpillar,a,a,Never
brown,belt,a,a,Often
baby,giraffe,a,a,Often
animal,puzzle,a,an,Sometimes
plant,food,,,Often
gym,teacher,a,a,Often
pink,boot,a,a,Rarely
bike,riding,,,Often
bath,toy,a,a,Sometimes
money,broker,a,a,Often
round,mark,a,a,Almost Always
knuckle,head,a,a,Never
crusty,loaf,a,a,Often
video,store,a,a,Rarely
toilet,seat,a,a,Almost always
sweet,girl,a,a,Often
toe,soup,,,Never
icy,drink,a,an,Sometimes
tooth,brush,a,a,Almost always
diamond,piece,a,a,Almost always
dirty,key,a,a,Rarely
purple,cocoon,a,a,Rarely
princess,sticker,a,a,Often
purple,coat,a,a,Rarely
gum,tree,a,a,Often
top,prize,a,a,Almost always
lunch,break,a,a,Often
giant,cloud,a,a,Sometimes
planet,earth,,,Always
fire,hose,a,a,Almost always.
fat,chap,a,a,Sometimes
mother,pig,a,a,Often
red,pants,,,Rarely
purple,button,a,a,Rarely
baby,gorilla,a,a,Almost always
sleeping,dolphin,a,a,Rarely.
solid,bronze,,,Almost always
scrap,paper,a,a,Rarely
girl,bike,a,a,Sometimes
bean,plant,a,a,Sometimes
purple,wing,a,a,Rarely
sweet,heart,a,a,Never
farmer,market,a,a,Often
dirty,truck,a,a,Sometimes.
brown,marker,a,a,Often
painting,shirt,a,a,Rarely
flat,table,a,a,Almost always.
boiling,pot,a,a,Almost always.
colored,dot,a,a,Almost always
yellow,rubber,,,Rarely.
red,boat,a,a,Rarely
standing,penguin,a,a,Rarely
cat,hair,,,Rarely
roof,rack,a,a,Often
bean,sprout,a,a,Often
whale,song,a,a,Rarely
red,turtle,a,a,Rarely
red,penguin,a,a,Never
parmesan,cheese,,,Often
hill,top,a,a,Sometimes
cottage,cheese,,,Sometimes
dark,rock,a,a,Sometimes
round,corner,a,a,Rarely
cake,baby,a,a,Never
yellow,outfit,an,a,Sometimes
shave,rash,a,a,Sometimes
scrap,heap,a,a,Rarely
air,push,a,an,Rarely
girl,hair,,,Sometimes
shoe,polish,,,Almost always.
red,whale,a,a,Never
sweet,pie,a,a,Almost always.
bald,boy,a,a,Rarely
stone,coating,a,a,Rarely
truck,mom,a,a,Often
orange,kitten,a,an,Often
giant,head,a,a,Rarely
daddy,horse,a,a,Never
roller,coaster,a,a,Almost Always
frozen,room,a,a,Never
gold,dust,,,Never
pink,carpet,a,a,Rarely
juicy,pineapple,a,a,Almost always.
red,book,a,a,Never
wooden,piece,a,a,Often
water,bucket,a,a,Often
night,bird,a,a,Rarely.
tap,dance,a,a,Often
bread,crust,a,a,Almost always.
floor,archway,an,a,Rarely
shark,game,a,a,Rarely
hot,radiator,a,a,Almost always
boy,baby,a,a,Almost always
paper,towel,a,a,Almost always
stage,spot,a,a,Sometimes
bible,book,a,a,Almost always.
purple,handle,a,a,Rarely
star,red,,,Almost always.
green,snake,a,a,Often
purple,train,a,a,Rarely
beetle,game,a,a,Rarely.
garden,tree,a,a,Sometimes
thick,soup,,,Often
river,shack,a,a,Rarely
red,machine,a,a,Never
stomach,bug,a,a,Rarely
strawberry,cookie,a,a,Rarely
pink,fur,,,Never
color,purple,,,Always
meal,guy,a,a,Rarely
orange,truck,a,an,Rarely.
tin,can,a,a,Almost Always
daddy,lion,a,a,Almost always
sweet,guy,a,a,Often
rocket,ship,a,a,Never
copper,dagger,a,a,Rarely
brick,wall,a,a,Often
camp,fire,a,a,Often
purple,water,,,Never
air,conditioner,,,Never
throw,ball,a,a,Often
ham,ball,a,a,Never
red,railing,a,a,Rarely
solid,color,a,a,Almost always
bulletin,board,a,a,Often
yellow,metal,,,Rarely
wood,basket,a,a,Sometimes
grey,clay,,,Sometimes
dirty,mitt,a,a,Rarely
glass,door,a,a,Rarely
green,cup,a,a,Rarely.
mommy,movie,a,a,Sometimes
orange,ear,an,an,Never
orange,piece,a,an,Rarely.
human,race,a,a,Almost Always
baseball,bat,a,a,Almost always
hot,grease,,,Rarely
grill,cheese,,,Often
golf,ball,a,a,Almost always
water,plant,a,a,Often
yellow,hose,a,a,Rarely
string,bean,a,a,Often
cow,manure,,,Almost always
swim,trunk,a,a,Rarely
bleeding,phone,a,a,Never
gum,flavor,a,a,Often
giant,yogurt,,,Rarely
heart,sweet,a,a,Often
roll,shot,a,a,Sometimes
blueberry,juice,,,Rarely
green,grass,,,Almost always.
slope,testing,a,a,Rarely
wrestling,guy,a,a,Sometimes
squirt,gun,a,a,Never
smoke,alarm,an,a,Often
phone,box,a,a,Never
stock,room,a,a,Sometimes
bamboo,shoot,a,a,Rarely
red,hat,a,a,Sometimes
hippopotamus,face,a,a,Never
yellow,moon,a,a,Rarely
hand,print,a,a,Rarely
snow,flake,a,a,Almost always
hot,cookie,a,a,Never
pterodactyl,leg,a,a,Never
derby,girl,a,a,Sometimes
baby,beluga,a,a,Never
fence,post,a,a,Almost always
pink,bag,a,a,Sometimes
purple,shirt,a,a,Often
calendar,book,a,a,Rarely.
juicy,fruit,a,a,Often
gold,key,a,a,Rarely
purple,girl,a,a,Rarely
till,receipt,a,a,Almost always
back,fence,a,a,Often
green,frog,a,a,Almost always
kid,person,a,a,Often
sweet,mama,a,a,Almost always
rain,day,a,a,Sometimes
baby,platypus,a,a,Rarely
green,mat,a,a,Sometimes
spa,camera,a,a,Never
piggy,ride,a,a,Rarely
poker,game,a,a,Sometimes
box,tape,a,a,Never
ballet,skirt,a,a,Rarely
plastic,bag,a,a,Often
green,water,,,Never
orange,fish,a,an,Often
onion,stuffing,,,Sometimes
bow,honey,,,Almost always
water,ride,a,a,Sometimes
stuffed,crocodile,a,a,Never
purple,pony,a,a,Rarely.
orange,lip,a,an,Rarely
bear,eye,an,a,Never
yellow,duck,a,a,Often
pumpkin,bread,,,Rarely
locked,gate,a,a,Often
green,plate,a,a,Rarely
pink,balloon,a,a,Often
flaming,desk,a,a,Never
sheet,pan,a,a,Often
yellow,milk,,,Never
boat,person,a,a,Never
candy,apple,an,a,Never
purple,juice,,,Rarely
wire,hair,,,Rarely.
chest,paddling,a,a,Rarely
day,person,a,a,Sometimes
red,dinosaur,a,a,Rarely
brown,oatmeal,,,Often
dark,picture,a,a,Sometimes
glue,stick,a,a,Rarely
boy,doctor,a,a,Almost always
dark,rabbit,a,a,Sometimes
dragon,bear,a,a,Never
bear,track,a,a,Rarely
hot,desert,a,a,Almost always
brown,ribbon,a,a,Sometimes.
dirty,suit,a,a,Rarely
door,frame,a,a,Almost always
pink,fan,a,a,Rarely
parent,girl,a,a,Often
hen,egg,an,a,Almost always
bear,head,a,a,Rarely
pumpkin,muffin,a,a,Sometimes
plastic,sack,a,a,Often
soapy,water,,,Never
pink,makeup,,,Sometimes
turtle,purple,,,Rarely
plastic,grid,a,a,Rarely
pearl,ribbon,a,a,Rarely
wooden,side,a,a,Sometimes
apple,cinnamon,,,Rarely
piggy,toe,a,a,Never
swamp,land,,,Sometimes
bathroom,suite,a,a,Almost always
dirty,tractor,a,a,Often
thick,tights,,,Often
red,sun,,,Never
red,crab,a,a,Often
dirty,mess,a,a,Often
baby,chick,a,a,Almost always
fridge,door,a,a,Never
doggy,food,,,Never
brown,beard,a,a,Often
purple,bear,a,a,Never
giant,creature,a,a,Almost always
yellow,octagon,an,a,Rarely
dark,mulch,,,Often
green,light,a,a,Sometimes
church,warden,a,a,Rarely
varnish,stain,a,a,Rarely
square,pretzel,a,a,Rarely
red,ruby,a,a,Almost always
solid,food,,,Often
hot,pipe,a,a,Never
green,balloon,a,a,Sometimes
muffin,pan,a,a,Often
orange,green,,,Never
milk,pint,a,a,Almost always
bathroom,ceiling,a,a,Almost always
ear,drum,a,an,Never
thick,cheese,,,Often
mud,pool,a,a,Rarely
orange,peel,a,an,Almost always
red,bell,a,a,Rarely.
red,eye,an,a,Never
purple,robe,a,a,Sometimes
snare,drum,a,a,Often
riding,horse,a,a,Often
bunny,costume,a,a,Often
baby,voice,a,a,Rarely
steam,engine,an,a,Rarely
purple,corner,a,a,Rarely
saucepan,lid,a,a,Almost always.
pink,slipper,a,a,Rarely
brown,wing,a,a,Sometimes
fence,door,a,a,Rarely
red,bridge,a,a,Rarely
orange,carrot,a,an,Almost always
car,engine,an,a,Almost always.
wet,wipe,a,a,Often
fish,meal,a,a,Sometimes
yellow,marble,a,a,Sometimes
blood,vessel,a,a,Often
marble,painting,a,a,Rarely
yellow,mustache,a,a,Rarely
linen,closet,a,a,Often
sticker,book,a,a,Rarely
red,clock,a,a,Rarely.
candy,man,a,a,Rarely
window,sill,a,a,Often
mulberry,bush,a,a,Rarely
blueberry,tea,,,Rarely
green,square,a,a,Sometimes
scavenger,hunt,a,a,Often
green,tube,a,a,Rarely
gulf,stream,a,a,Rarely
green,tummy,a,a,Never
blood,check,a,a,Rarely
dirty,town,a,a,Rarely
baby,bubble,a,a,Never
outside,basket,a,an,Rarely
bed,explorer,an,a,Rarely.
telephone,point,a,a,Never
wood,worm,a,a,Rarely
finger,nail,a,a,Almost always
gas,cooking,,,Often
car,green,,,Often
baby,stick,a,a,Rarely.
potty,book,a,a,Never
brown,lettuce,,,Never
fish,dad,a,a,Rarely
country,music,,,Sometimes
fire,hydrant,a,a,Almost always
sea,baby,a,a,Never
toy,tub,a,a,Never
colored,worm,a,a,Rarely
purple,ball,a,a,Rarely
mitten,back,a,a,Rarely
cookie,crumb,a,a,Often
plastic,fork,a,a,Often
passenger,train,a,a,Almost always
giant,cat,a,a,Rarely
survey,photograph,a,a,Rarely
purple,wrapper,a,a,Rarely
slam,dunk,a,a,Almost always
pirate,ship,a,a,Rarely
green,straw,a,a,Rarely
giant,squid,a,a,Rarely.
bald,guy,a,a,About half the time.
tomato,sauce,,,Often
pink,sweater,a,a,Sometimes
orange,bean,a,an,Rarely
sleigh,bell,a,a,Rarely
green,key,a,a,Rarely
brown,crayon,a,a,Almost always.
outside,window,a,an,Often
red,pole,a,a,Never
red,rose,a,a,Almost always
yellow,dress,a,a,Sometimes
liver,oil,,,Rarely
surf,board,a,a,Almost Always
dirty,ground,,,Sometimes
purple,moon,a,a,Rarely
swim,dolphin,a,a,Almost always
green,rain,,,Never
baby,body,a,a,Almost Always
orange,baby,a,an,Never
cheese,packet,a,a,Never
velvety,calf,a,a,Never
egg,bread,,,Rarely.
salmon,sandwich,a,a,Sometimes
chocolate,log,a,a,Never
ballroom,dancing,,,Sometimes
pine,needle,a,a,Rarely
eye,shadow,a,an,Rarely
purple,plant,a,a,Sometimes
wheat,cracker,a,a,Often
transporter,company,a,a,Sometimes
green,candle,a,a,Rarely
green,sugar,,,Never
brick,piece,a,a,Almost always
purple,spoon,a,a,Rarely
red,letter,a,a,Rarely
bowling,pin,a,a,Almost Always
military,person,a,a,Sometimes
bank,card,a,a,Often
green,shoe,a,a,Rarely
hedge,shears,,,Often
square,balloon,a,a,Rarely
spiral,nail,a,a,Rarely
spaghetti,porridge,,,Never
jump,jockey,a,a,Rarely
yellow,bar,a,a,Rarely
garage,key,a,a,Often
sand,swell,a,a,Rarely
water,gun,a,a,Never
sewer,line,a,a,Rarely.
boy,swing,a,a,Sometimes
butter,cup,a,a,Never
green,tooth,a,a,Never
sugar,oatmeal,,,Rarely.
yellow,boat,a,a,Sometimes
red,suit,a,a,Rarely
ocean,ship,a,an,Almost always
sugar,man,a,a,Rarely
purple,duck,a,a,Rarely
milk,pitcher,a,a,Rarely
onion,skin,,,Never
cake,stall,a,a,Rarely
fat,kiss,a,a,Sometimes
worm,bin,a,a,Rarely
wet,clothes,,,Sometimes
trash,game,a,a,Rarely
green,daddy,a,a,Never
purple,marker,a,a,Sometimes
police,station,a,a,Often
pig,roll,a,a,Never
metal,clip,a,a,Often
baby,step,a,a,Sometimes
music,room,a,a,Sometimes
night,air,,,Never
red,petal,a,a,Often
nanny,training,a,a,Sometimes.
pink,cloud,a,a,Rarely
plastic,spoon,a,a,Often
fat,lump,a,a,Rarely
baby,picture,a,a,Sometimes
daddy,company,a,a,Never
yellow,cow,a,a,Rarely
red,grey,,,Never
bottom,bar,a,a,Almost always.
tree,bark,a,a,Almost always.
yellow,bag,a,a,Sometimes
flat,pumpkin,a,a,Rarely
college,building,a,a,Sometimes
locomotive,car,a,a,Never
gold,dragon,a,a,Rarely
chocolate,milk,,,Rarely
bald,baby,a,a,Often
rugby,player,a,a,Often
card,game,a,a,Sometimes
laser,beam,a,a,Almost always
lead,boot,a,a,Rarely
battle,field,a,a,Rarely.
yellow,button,a,a,Sometimes
water,test,a,a,Never
broken,neck,a,a,Never
tea,towel,a,a,Sometimes
pirate,guy,a,a,Rarely
bright,sun,,,Almost always
pet,shop,a,a,Often
green,bead,a,a,Sometimes
kid,movie,a,a,Often
dead,flower,a,a,Never
yellow,bed,a,a,Rarely
pest,attack,an,a,Rarely.
sirloin,steak,a,a,Often
burnt,toasted,,,Often
icy,road,a,an,Rarely.
comforter,cover,a,a,Often
curtain,rail,a,a,Rarely
water,feed,,,Rarely
square,paper,a,a,Never
foot,hole,a,a,Never
computer,man,a,a,Sometimes
thyroid,infection,an,a,Rarely.
green,helmet,a,a,Sometimes
purple,head,a,a,Never
purple,wheel,a,a,Never
hammer,head,a,a,Never
green,stem,a,a,Sometimes
green,star,a,a,Rarely.
soapy,bubble,a,a,Almost Always
top,card,a,a,Almost always
orange,skin,,,Never
cargo,ship,a,a,Often
pink,piece,a,a,Rarely.
baby,jaguar,a,a,Rarely.
food,picture,a,a,Often
garden,door,a,a,Rarely
brown,bottom,a,a,Sometimes
pony,home,a,a,Never
dragon,picture,a,a,Sometimes
red,mouth,a,a,Sometimes
chicken,prawn,a,a,Never
baby,duck,a,a,Often
plastic,duck,a,a,Rarely
blueberry,bar,a,a,Never
juicy,bite,a,a,Often
fat,cookie,a,a,Often
wet,sand,,,Sometimes
bath,drain,a,a,Almost always
yellow,card,a,a,Rarely
green,creature,a,a,Rarely.
draw,pile,a,a,Never
pipe,band,a,a,Rarely
outside,toilet,a,an,Rarely
yellow,block,a,a,Sometimes
green,boxcar,a,a,Rarely
blob,cookie,a,a,Often
back,chair,a,a,Often
back,wall,a,a,Almost always
pizza,crust,a,a,Almost always.
giant,circle,a,a,Almost always
chocolate,fry,a,a,Never
boy,tiger,a,a,Almost Always
piano,bench,a,a,Rarely
giant,baby,a,a,Never
hot,coal,a,a,Almost always
tub,toy,a,a,Often
pink,box,a,a,Rarely
kid,slide,a,a,Often
outside,kitty,a,an,Rarely
water,tap,a,a,Almost always
asteroid,belt,a,an,Never
baby,swing,a,a,Often
glass,jar,a,a,Often
yellow,hat,a,a,Sometimes
green,button,a,a,Often
dark,night,a,a,Almost always.
yellow,house,a,a,Sometimes
puzzle,box,a,a,Rarely
naked,bear,a,a,Never
egg,salad,a,an,Rarely
red,fan,a,a,Rarely
green,dragon,a,a,Often
slim,girl,a,a,Sometimes
outdoor,art,,,Sometimes
green,boat,a,a,Rarely
orange,scissors,,,Rarely
wooden,chair,a,a,Often
blonde,one,a,a,Rarely.
head,piece,a,a,Sometimes
cherry,pie,a,a,Often
cathedral,window,a,a,Rarely
blond,hair,,,Sometimes
lunch,bag,a,a,Sometimes
elephant,grey,,,Often
purple,pot,a,a,Rarely
brown,page,a,a,Never
hot,sauce,,,Sometimes
stick,person,a,a,Never
mince,pie,a,a,Often
yellow,color,a,a,Almost always
colored,water,,,Never
film,wrap,a,a,Often
corn,movie,a,a,Rarely
grey,dog,a,a,Often
truck,book,a,a,Never
girl,teacher,a,a,Often
broken,toy,a,a,Rarely
orange,cracker,a,an,Never
brown,lid,a,a,Sometimes
orange,mango,a,an,Rarely
water,park,a,a,Rarely
yellow,pot,a,a,Sometimes
shadow,puppet,a,a,Rarely
brick,fire,,,Rarely
willow,tree,a,a,Sometimes
trash,man,a,a,Sometimes
apple,skin,,,Never
top,window,a,a,Sometimes
farm,puzzle,a,a,Sometimes
karate,suit,a,a,Never
green,broccoli,,,Almost always
orange,slice,a,an,Rarely
pink,piggy,a,a,Often
dinosaur,bone,a,a,Rarely
milk,cow,a,a,Often
clock,book,a,a,Never
pink,marker,a,a,Rarely
oatmeal,bath,a,an,Rarely
racing,car,a,a,Rarely
red,tower,a,a,Rarely
yellow,truck,a,a,Sometimes
red,tail,a,a,Rarely
blowing,nose,a,a,Almost always
princess,tea,,,Rarely
upstairs,brush,a,an,Rarely
north,wind,,,Rarely.
bottom,floor,a,a,Almost always.
slide,watch,a,a,Rarely
train,money,,,Never
soap,juice,,,Never
red,boy,a,a,Never
karate,ballerina,a,a,Rarely
steering,wheel,a,a,Almost always.
pineapple,juice,,,Sometimes
honey,marmalade,,,Often
hot,sun,,,Almost always
color,stripe,a,a,Often
orange,marmalade,,,Almost always
upstairs,flat,a,an,Rarely
snow,pants,,,Rarely
engine,driver,a,an,Rarely
eye,witness,a,an,Often
thick,point,a,a,Never
green,booger,a,a,Never
picnic,bench,a,a,Often
yellow,carrot,a,a,Rarely
orange,flower,a,an,Sometimes
diamond,ring,a,a,Almost always
chocolate,bar,a,a,Almost always
vegetable,soup,,,Often
sunflower,seed,a,a,Often
snack,bar,a,a,Sometimes
dogs,face,a,a,Never
yellow,broom,a,a,Rarely
glass,light,a,a,Sometimes
freezing,water,,,Almost always.
brown,dog,a,a,Often
orange,squid,a,an,Rarely
country,road,a,a,Sometimes
pocket,money,,,Often
wet,wash,a,a,Almost always
purple,camera,a,a,Rarely
red,ribbon,a,a,Often
colored,glue,,,Rarely
hot,tea,,,Often
pink,frosting,,,Sometimes
night,school,a,a,Rarely
giant,meteorite,a,a,Rarely
pink,pony,a,a,Often
upstairs,bed,a,an,Rarely
dinosaur,picture,a,a,Rarely
sun,rise,a,a,Almost always
wet,towel,a,a,Often
dirty,table,a,a,Sometimes
kid,bike,a,a,Often
river,fishing,,,Sometimes
downstairs,loo,a,a,Rarely
dirty,pavement,,,Sometimes
apple,tree,a,an,Sometimes
icy,ring,a,an,Rarely
hot,rod,a,a,Never
brown,wig,a,a,Sometimes
red,sauce,,,Often
broken,bone,a,a,Rarely
pink,bank,a,a,Rarely
flat,knife,a,a,Sometimes
green,rectangle,a,a,Sometimes
fat,child,a,a,Sometimes.
round,hand,a,a,Almost always
couple,stair,a,a,Almost Always
bottom,cover,a,a,Almost always
glitter,glue,,,Rarely
bubble,wrap,a,a,Rarely
flower,plate,a,a,Rarely
scrap,yard,a,a,Rarely
hair,cut,a,a,Often
football,teacher,a,a,Sometimes
duffel,coat,a,a,Sometimes
dirty,box,a,a,Rarely.
dirty,movie,a,a,Never
daddy,chin,a,a,Never
candy,gum,a,a,Almost always
bus,driver,a,a,Often
green,land,,,Sometimes
dirty,vent,a,a,Rarely
pub,window,a,a,Rarely
green,car,a,a,Sometimes
cut,piece,a,a,Often
yellow,queen,a,a,Rarely
hot,wing,a,a,Often
wooden,animal,an,a,Never
mommy,bird,a,a,Often
brown,suit,a,a,Rarely
baby,chicken,a,a,Almost always
body,wash,a,a,Sometimes
orange,sword,a,an,Rarely
yellow,shoe,a,a,Rarely
orange,tree,a,an,Rarely
back,page,a,a,Rarely.
taxi,man,a,a,Sometimes
yellow,row,a,a,Rarely
bacon,casserole,a,a,Rarely
green,knight,a,a,Rarely
ginger,ale,an,a,Sometimes
yellow,wedge,a,a,Rarely
toy,box,a,a,Often
song,sheet,a,a,Rarely.
pelican,crossing,a,a,Often
hot,juice,,,Rarely
doll,dress,a,a,Rarely
yellow,pig,a,a,Rarely
hot,cross,a,a,Rarely.
flower,pan,a,a,Rarely
dog,joint,a,a,Never
poop,factory,a,a,Never
flower,room,a,a,Rarely
bear,shoe,a,a,Never
diamond,rock,a,a,Rarely
blond,captain,a,a,Rarely
header,tank,a,a,Never
color,knight,a,a,Rarely
dad,hand,a,a,Never
ice,truck,a,an,Rarely
water,bottle,a,a,Almost always.
yellow,fire,,,Almost always
step,mother,a,a,Sometimes
bright,feather,a,a,Rarely
machine,gun,a,a,Rarely
hairy,finger,a,a,Never
yellow,bead,a,a,Often
brown,floor,a,a,Sometimes
dump,truck,a,a,Often
print,shop,a,a,Sometimes
yellow,sheep,a,a,Rarely
hot,pink,,,Often
daddy,headache,a,a,Never
dog,hair,,,Never
girl,shoe,a,a,Often
toilet,paper,a,a,Never
sand,toy,a,a,Sometimes
blind,person,a,a,Never
lighter,colors,a,a,Sometimes
orange,paint,,,Sometimes
pussy,cat,a,a,Almost Always
flat,bed,a,a,Almost always
orange,hat,a,an,Rarely
night,kiss,a,a,Often
yellow,van,a,a,Rarely
color,petal,a,a,Almost always.
bear,puzzle,a,a,Sometimes
carrier,bag,a,a,Often
wolf,hound,a,a,Rarely
wet,floor,a,a,Often
pooper,scooper,a,a,Almost Always
lollipop,stick,a,a,Never
sweat,top,a,a,Often
back,cellar,a,a,Rarely
macaroni,cheese,,,Often
violin,group,a,a,Rarely
nail,cut,a,a,Never
farm,machine,a,a,Rarely
baby,tiger,a,a,Almost Always
curly,hair,,,Sometimes
candy,house,a,a,Never
wood,hardware,,,Rarely
hermit,crab,a,a,Sometimes
ankle,sock,a,an,Often
strawberry,flower,a,a,Rarely
broken,car,a,a,Rarely
coffee,cup,a,a,Often
cut,hair,,,Often
hot,towel,a,a,Rarely
mommy,horse,a,a,Often
fish,finger,a,a,Never
chipmunk,song,a,a,Rarely
frog,leg,a,a,Never
giant,bucket,a,a,Rarely
hot,boil,a,a,Almost always
pink,snow,,,Never
red,pin,a,a,Almost always.
rain,bow,a,a,Rarely.
red,colors,a,a,Almost always.
dish,soap,,,Often
mommy,duck,a,a,Often
hair,ball,a,a,Never
thick,marker,a,a,Often
dirty,pajamas,,,Rarely
bow,tie,a,a,Rarely
solar,house,a,a,Often
purple,monkey,a,a,Never
hot,grill,a,a,Often
climbing,stair,a,a,Almost always
purple,cartridge,a,a,Rarely
saw,puzzle,a,a,Rarely
shortbread,cookie,a,a,Often
car,parking,,,Often
farm,instrument,an,a,Rarely.
dirty,room,a,a,Rarely.
troll,person,a,a,Never
drawing,office,an,a,Never
shaving,mirror,a,a,Often
thick,rope,a,a,Often
orange,bird,a,an,Sometimes
lighter,snack,a,a,Sometimes
red,hamster,a,a,Sometimes
split,cup,a,a,Rarely
orange,color,a,an,Often
purple,stick,a,a,Never
gold,helmet,a,a,Rarely
mother,bear,a,a,Often
puzzle,board,a,a,Sometimes
sand,castle,a,a,Never
mail,truck,a,a,Rarely
red,bowl,a,a,Sometimes
strawberry,lemonade,,,Sometimes
gold,shoe,a,a,Rarely
fat,brush,a,a,Rarely
top,cap,a,a,Almost always
red,doggie,a,a,Rarely
tea,cake,a,a,Sometimes
wet,diaper,a,a,Almost always
mechanic,shop,a,a,Often
army,officer,an,an,Almost always
bear,book,a,a,Rarely.
cream,tub,a,a,Rarely
secretary,treasurer,a,a,Almost Always
ferry,crossing,a,a,Rarely
purple,octopus,an,a,Rarely
oatmeal,bite,a,an,Rarely
glass,building,a,a,Sometimes
dirty,finger,a,a,Sometimes
toddler,bed,a,a,Rarely
circus,man,a,a,Rarely.
cut,glass,a,a,Rarely
dark,color,a,a,Often
hot,bottle,a,a,Never
barge,person,a,a,Never
yellow,tooth,a,a,Rarely
pitch,fork,a,a,Never
driving,instructor,an,a,Sometimes
astronaut,hat,a,an,Rarely
bear,cry,a,a,Rarely
bay,window,a,a,Rarely.
berry,patch,a,a,Rarely
piano,player,a,a,Sometimes
bedside,table,a,a,Sometimes
dead,person,a,a,Never
bird,cave,a,a,Rarely
gold,coin,a,a,Rarely
engine,oil,,,Always
green,pot,a,a,Sometimes
ocean,animal,an,an,Often
cheese,ball,a,a,Never
red,bicycle,a,a,Often
turkey,breast,a,a,Never
hairy,spider,a,a,Rarely
apple,juice,,,Often
paper,sticker,a,a,Often
air,balloon,a,an,Almost always
mud,pie,a,a,Rarely
orange,circle,a,an,Sometimes
star,fish,a,a,Rarely
fish,lip,a,a,Never
orange,broom,a,an,Rarely
paint,plaster,a,a,Rarely
dance,contest,a,a,Sometimes
hot,chocolate,,,Often
green,elephant,an,a,Never
flower,day,a,a,Never
orange,pentagon,a,an,Rarely
student,band,a,a,Sometimes
pink,milk,,,Never
milk,shake,a,a,Almost always.
yellow,plastic,,,Rarely.
daddy,car,a,a,Never
wet,tarmac,a,a,Often
pink,blanket,a,a,Sometimes
shovel,fork,a,a,Never
fat,piggy,a,a,Sometimes
sugar,cone,a,a,Almost Always
glass,washer,a,a,Never
silver,penny,a,a,Never
sugar,syrup,,,Almost always
cookie,blob,a,a,Never
donut,chair,a,a,Rarely
watch,strap,a,a,Often
top,cream,,,Almost always
brown,teddy,a,a,Almost always
red,purple,,,Never
blooming,month,a,a,Sometimes
bloody,coconut,a,a,Never
game,tile,a,a,Sometimes
circle,drawing,a,a,Almost always
fat,belly,a,a,Often
puffy,cloud,a,a,Often
dirty,outside,an,a,Often
book,tray,a,a,Rarely
red,blood,,,Always
cream,taste,a,a,Often
grey,tights,,,Sometimes
sword,fight,a,a,Rarely
female,alligator,an,a,Almost always
dark,turquoise,,,Rarely
check,mark,a,a,Almost always.
throw,toy,a,a,Sometimes
back,line,a,a,Rarely
silky,mask,a,a,Rarely
potato,chip,a,a,Almost always
stand,firm,a,a,Never
cut,trunk,a,a,Rarely
red,mark,a,a,Often
powder,paint,,,Rarely
broken,crayon,a,a,Rarely
mail,uniform,a,a,Almost Always
police,man,a,a,Often
yellow,taxi,a,a,Often
river,path,a,a,Sometimes
flat,tire,a,a,Never.
brown,horse,a,a,Often
purple,dot,a,a,Rarely
cranberry,juice,,,Rarely
fire,fighter,a,a,Sometimes
ocean,wave,a,an,Often
red,paint,,,Often
red,dot,a,a,Sometimes
orange,leaflet,a,an,Rarely
red,cab,a,a,Sometimes
triangle,roof,a,a,Rarely
plastic,cup,a,a,Often
ant,trail,a,an,Rarely
seat,belt,a,a,Almost always
bread,box,a,a,Rarely
yellow,car,a,a,Sometimes
mud,color,a,a,Sometimes
orange,shovel,a,an,Rarely
red,picture,a,a,Rarely.
orange,macaroni,,,Never
orange,screw,a,an,Never
head,shot,a,a,Often
snowy,day,a,a,Rarely.
road,track,a,a,Sometimes
green,wall,a,a,Rarely
hot,steam,,,Almost always
hot,mess,a,a,Often
drummer,boy,a,a,Sometimes
market,stall,a,a,Often
turtle,magazine,a,a,Never
orange,packet,a,an,Never
home,movie,a,a,Rarely
red,cape,a,a,Rarely
weeping,willow,a,a,Often
red,bone,a,a,Never
oil,barrel,a,an,Almost always
shirt,top,a,a,Often
purple,frog,a,a,Rarely
children,book,a,a,Often
purple,bubble,a,a,Rarely
sweet,potato,a,a,Rarely
village,hall,a,a,Often
lacrosse,stick,a,a,Rarely
snake,tongue,a,a,Rarely.
bread,knife,a,a,Often
bake,cookie,a,a,Almost always
hare,lip,a,a,Rarely
pink,pants,,,Rarely
red,lip,a,a,Almost always
batman,shoe,a,a,Rarely
dark,room,a,a,Sometimes
dark,paint,,,Sometimes
dinosaur,egg,an,a,Never
